"","date","precinct","arrests"
"1",2016-01-01,1,313
"2",2016-01-01,5,501
"3",2016-01-01,6,291
"4",2016-01-01,7,262
"5",2016-01-01,9,317
"6",2016-01-01,10,315
"7",2016-01-01,13,481
"8",2016-01-01,14,1138
"9",2016-01-01,17,141
"10",2016-01-01,18,464
"11",2016-01-01,19,250
"12",2016-01-01,20,145
"13",2016-01-01,22,15
"14",2016-01-01,23,450
"15",2016-01-01,24,248
"16",2016-01-01,25,568
"17",2016-01-01,26,183
"18",2016-01-01,28,328
"19",2016-01-01,30,305
"20",2016-01-01,32,438
"21",2016-01-01,33,297
"22",2016-01-01,34,341
"23",2016-01-01,40,1017
"24",2016-01-01,41,585
"25",2016-01-01,42,509
"26",2016-01-01,43,442
"27",2016-01-01,44,763
"28",2016-01-01,45,259
"29",2016-01-01,46,508
"30",2016-01-01,47,506
"31",2016-01-01,48,502
"32",2016-01-01,49,320
"33",2016-01-01,50,151
"34",2016-01-01,52,587
"35",2016-01-01,60,351
"36",2016-01-01,61,251
"37",2016-01-01,62,217
"38",2016-01-01,63,183
"39",2016-01-01,66,175
"40",2016-01-01,67,476
"41",2016-01-01,68,199
"42",2016-01-01,69,246
"43",2016-01-01,70,357
"44",2016-01-01,71,407
"45",2016-01-01,72,232
"46",2016-01-01,73,627
"47",2016-01-01,75,758
"48",2016-01-01,76,169
"49",2016-01-01,77,365
"50",2016-01-01,78,194
"51",2016-01-01,79,453
"52",2016-01-01,81,395
"53",2016-01-01,83,347
"54",2016-01-01,84,397
"55",2016-01-01,88,194
"56",2016-01-01,90,303
"57",2016-01-01,94,140
"58",2016-01-01,100,153
"59",2016-01-01,101,232
"60",2016-01-01,102,309
"61",2016-01-01,103,685
"62",2016-01-01,104,234
"63",2016-01-01,105,275
"64",2016-01-01,106,302
"65",2016-01-01,107,225
"66",2016-01-01,108,194
"67",2016-01-01,109,332
"68",2016-01-01,110,362
"69",2016-01-01,111,149
"70",2016-01-01,112,167
"71",2016-01-01,113,547
"72",2016-01-01,114,455
"73",2016-01-01,115,388
"74",2016-01-01,120,373
"75",2016-01-01,121,337
"76",2016-01-01,122,136
"77",2016-01-01,123,112
"78",2016-02-01,1,309
"79",2016-02-01,5,462
"80",2016-02-01,6,275
"81",2016-02-01,7,207
"82",2016-02-01,9,285
"83",2016-02-01,10,275
"84",2016-02-01,13,466
"85",2016-02-01,14,1188
"86",2016-02-01,17,125
"87",2016-02-01,18,376
"88",2016-02-01,19,270
"89",2016-02-01,20,140
"90",2016-02-01,22,18
"91",2016-02-01,23,414
"92",2016-02-01,24,241
"93",2016-02-01,25,595
"94",2016-02-01,26,225
"95",2016-02-01,28,359
"96",2016-02-01,30,282
"97",2016-02-01,32,423
"98",2016-02-01,33,358
"99",2016-02-01,34,366
"100",2016-02-01,40,886
"101",2016-02-01,41,521
"102",2016-02-01,42,487
"103",2016-02-01,43,472
"104",2016-02-01,44,742
"105",2016-02-01,45,243
"106",2016-02-01,46,439
"107",2016-02-01,47,478
"108",2016-02-01,48,512
"109",2016-02-01,49,305
"110",2016-02-01,50,198
"111",2016-02-01,52,474
"112",2016-02-01,60,406
"113",2016-02-01,61,238
"114",2016-02-01,62,199
"115",2016-02-01,63,232
"116",2016-02-01,66,167
"117",2016-02-01,67,480
"118",2016-02-01,68,198
"119",2016-02-01,69,215
"120",2016-02-01,70,312
"121",2016-02-01,71,400
"122",2016-02-01,72,253
"123",2016-02-01,73,671
"124",2016-02-01,75,874
"125",2016-02-01,76,155
"126",2016-02-01,77,336
"127",2016-02-01,78,219
"128",2016-02-01,79,418
"129",2016-02-01,81,338
"130",2016-02-01,83,368
"131",2016-02-01,84,396
"132",2016-02-01,88,233
"133",2016-02-01,90,322
"134",2016-02-01,94,123
"135",2016-02-01,100,154
"136",2016-02-01,101,215
"137",2016-02-01,102,328
"138",2016-02-01,103,693
"139",2016-02-01,104,243
"140",2016-02-01,105,320
"141",2016-02-01,106,350
"142",2016-02-01,107,226
"143",2016-02-01,108,149
"144",2016-02-01,109,310
"145",2016-02-01,110,337
"146",2016-02-01,111,100
"147",2016-02-01,112,182
"148",2016-02-01,113,566
"149",2016-02-01,114,474
"150",2016-02-01,115,438
"151",2016-02-01,120,341
"152",2016-02-01,121,326
"153",2016-02-01,122,196
"154",2016-02-01,123,119
"155",2016-03-01,1,349
"156",2016-03-01,5,448
"157",2016-03-01,6,241
"158",2016-03-01,7,223
"159",2016-03-01,9,291
"160",2016-03-01,10,281
"161",2016-03-01,13,444
"162",2016-03-01,14,984
"163",2016-03-01,17,196
"164",2016-03-01,18,438
"165",2016-03-01,19,233
"166",2016-03-01,20,146
"167",2016-03-01,22,20
"168",2016-03-01,23,436
"169",2016-03-01,24,191
"170",2016-03-01,25,602
"171",2016-03-01,26,200
"172",2016-03-01,28,379
"173",2016-03-01,30,305
"174",2016-03-01,32,510
"175",2016-03-01,33,373
"176",2016-03-01,34,367
"177",2016-03-01,40,910
"178",2016-03-01,41,605
"179",2016-03-01,42,537
"180",2016-03-01,43,526
"181",2016-03-01,44,825
"182",2016-03-01,45,243
"183",2016-03-01,46,453
"184",2016-03-01,47,473
"185",2016-03-01,48,496
"186",2016-03-01,49,286
"187",2016-03-01,50,189
"188",2016-03-01,52,480
"189",2016-03-01,60,415
"190",2016-03-01,61,235
"191",2016-03-01,62,244
"192",2016-03-01,63,206
"193",2016-03-01,66,216
"194",2016-03-01,67,564
"195",2016-03-01,68,230
"196",2016-03-01,69,273
"197",2016-03-01,70,379
"198",2016-03-01,71,413
"199",2016-03-01,72,293
"200",2016-03-01,73,702
"201",2016-03-01,75,1003
"202",2016-03-01,76,191
"203",2016-03-01,77,398
"204",2016-03-01,78,246
"205",2016-03-01,79,442
"206",2016-03-01,81,326
"207",2016-03-01,83,341
"208",2016-03-01,84,406
"209",2016-03-01,88,251
"210",2016-03-01,90,310
"211",2016-03-01,94,140
"212",2016-03-01,100,163
"213",2016-03-01,101,276
"214",2016-03-01,102,335
"215",2016-03-01,103,744
"216",2016-03-01,104,286
"217",2016-03-01,105,371
"218",2016-03-01,106,318
"219",2016-03-01,107,226
"220",2016-03-01,108,174
"221",2016-03-01,109,328
"222",2016-03-01,110,438
"223",2016-03-01,111,133
"224",2016-03-01,112,201
"225",2016-03-01,113,609
"226",2016-03-01,114,501
"227",2016-03-01,115,486
"228",2016-03-01,120,412
"229",2016-03-01,121,368
"230",2016-03-01,122,179
"231",2016-03-01,123,131
"232",2016-04-01,1,300
"233",2016-04-01,5,536
"234",2016-04-01,6,224
"235",2016-04-01,7,280
"236",2016-04-01,9,266
"237",2016-04-01,10,272
"238",2016-04-01,13,376
"239",2016-04-01,14,954
"240",2016-04-01,17,154
"241",2016-04-01,18,422
"242",2016-04-01,19,247
"243",2016-04-01,20,169
"244",2016-04-01,22,16
"245",2016-04-01,23,398
"246",2016-04-01,24,211
"247",2016-04-01,25,559
"248",2016-04-01,26,194
"249",2016-04-01,28,353
"250",2016-04-01,30,234
"251",2016-04-01,32,462
"252",2016-04-01,33,299
"253",2016-04-01,34,427
"254",2016-04-01,40,900
"255",2016-04-01,41,581
"256",2016-04-01,42,479
"257",2016-04-01,43,559
"258",2016-04-01,44,783
"259",2016-04-01,45,210
"260",2016-04-01,46,453
"261",2016-04-01,47,457
"262",2016-04-01,48,496
"263",2016-04-01,49,295
"264",2016-04-01,50,170
"265",2016-04-01,52,535
"266",2016-04-01,60,445
"267",2016-04-01,61,236
"268",2016-04-01,62,247
"269",2016-04-01,63,170
"270",2016-04-01,66,180
"271",2016-04-01,67,512
"272",2016-04-01,68,209
"273",2016-04-01,69,241
"274",2016-04-01,70,339
"275",2016-04-01,71,396
"276",2016-04-01,72,320
"277",2016-04-01,73,668
"278",2016-04-01,75,914
"279",2016-04-01,76,184
"280",2016-04-01,77,356
"281",2016-04-01,78,179
"282",2016-04-01,79,379
"283",2016-04-01,81,316
"284",2016-04-01,83,283
"285",2016-04-01,84,371
"286",2016-04-01,88,218
"287",2016-04-01,90,284
"288",2016-04-01,94,120
"289",2016-04-01,100,148
"290",2016-04-01,101,239
"291",2016-04-01,102,367
"292",2016-04-01,103,655
"293",2016-04-01,104,275
"294",2016-04-01,105,328
"295",2016-04-01,106,256
"296",2016-04-01,107,256
"297",2016-04-01,108,158
"298",2016-04-01,109,288
"299",2016-04-01,110,371
"300",2016-04-01,111,139
"301",2016-04-01,112,182
"302",2016-04-01,113,538
"303",2016-04-01,114,476
"304",2016-04-01,115,417
"305",2016-04-01,120,383
"306",2016-04-01,121,307
"307",2016-04-01,122,180
"308",2016-04-01,123,106
"309",2016-05-01,1,343
"310",2016-05-01,5,486
"311",2016-05-01,6,263
"312",2016-05-01,7,295
"313",2016-05-01,9,288
"314",2016-05-01,10,238
"315",2016-05-01,13,331
"316",2016-05-01,14,958
"317",2016-05-01,17,116
"318",2016-05-01,18,431
"319",2016-05-01,19,243
"320",2016-05-01,20,162
"321",2016-05-01,22,21
"322",2016-05-01,23,432
"323",2016-05-01,24,191
"324",2016-05-01,25,666
"325",2016-05-01,26,190
"326",2016-05-01,28,390
"327",2016-05-01,30,302
"328",2016-05-01,32,475
"329",2016-05-01,33,377
"330",2016-05-01,34,415
"331",2016-05-01,40,982
"332",2016-05-01,41,614
"333",2016-05-01,42,455
"334",2016-05-01,43,530
"335",2016-05-01,44,845
"336",2016-05-01,45,229
"337",2016-05-01,46,481
"338",2016-05-01,47,463
"339",2016-05-01,48,467
"340",2016-05-01,49,336
"341",2016-05-01,50,200
"342",2016-05-01,52,608
"343",2016-05-01,60,365
"344",2016-05-01,61,226
"345",2016-05-01,62,246
"346",2016-05-01,63,216
"347",2016-05-01,66,155
"348",2016-05-01,67,548
"349",2016-05-01,68,193
"350",2016-05-01,69,263
"351",2016-05-01,70,313
"352",2016-05-01,71,322
"353",2016-05-01,72,301
"354",2016-05-01,73,688
"355",2016-05-01,75,939
"356",2016-05-01,76,191
"357",2016-05-01,77,382
"358",2016-05-01,78,227
"359",2016-05-01,79,310
"360",2016-05-01,81,318
"361",2016-05-01,83,379
"362",2016-05-01,84,396
"363",2016-05-01,88,215
"364",2016-05-01,90,322
"365",2016-05-01,94,106
"366",2016-05-01,100,208
"367",2016-05-01,101,299
"368",2016-05-01,102,398
"369",2016-05-01,103,579
"370",2016-05-01,104,291
"371",2016-05-01,105,368
"372",2016-05-01,106,372
"373",2016-05-01,107,222
"374",2016-05-01,108,234
"375",2016-05-01,109,385
"376",2016-05-01,110,452
"377",2016-05-01,111,138
"378",2016-05-01,112,130
"379",2016-05-01,113,561
"380",2016-05-01,114,488
"381",2016-05-01,115,453
"382",2016-05-01,120,434
"383",2016-05-01,121,364
"384",2016-05-01,122,187
"385",2016-05-01,123,169
"386",2016-06-01,1,316
"387",2016-06-01,5,438
"388",2016-06-01,6,185
"389",2016-06-01,7,209
"390",2016-06-01,9,304
"391",2016-06-01,10,231
"392",2016-06-01,13,371
"393",2016-06-01,14,888
"394",2016-06-01,17,131
"395",2016-06-01,18,382
"396",2016-06-01,19,269
"397",2016-06-01,20,163
"398",2016-06-01,22,16
"399",2016-06-01,23,482
"400",2016-06-01,24,189
"401",2016-06-01,25,543
"402",2016-06-01,26,176
"403",2016-06-01,28,370
"404",2016-06-01,30,289
"405",2016-06-01,32,481
"406",2016-06-01,33,323
"407",2016-06-01,34,382
"408",2016-06-01,40,928
"409",2016-06-01,41,566
"410",2016-06-01,42,485
"411",2016-06-01,43,536
"412",2016-06-01,44,660
"413",2016-06-01,45,247
"414",2016-06-01,46,456
"415",2016-06-01,47,460
"416",2016-06-01,48,424
"417",2016-06-01,49,355
"418",2016-06-01,50,160
"419",2016-06-01,52,508
"420",2016-06-01,60,419
"421",2016-06-01,61,200
"422",2016-06-01,62,184
"423",2016-06-01,63,181
"424",2016-06-01,66,155
"425",2016-06-01,67,489
"426",2016-06-01,68,205
"427",2016-06-01,69,226
"428",2016-06-01,70,314
"429",2016-06-01,71,312
"430",2016-06-01,72,263
"431",2016-06-01,73,717
"432",2016-06-01,75,900
"433",2016-06-01,76,188
"434",2016-06-01,77,359
"435",2016-06-01,78,183
"436",2016-06-01,79,339
"437",2016-06-01,81,289
"438",2016-06-01,83,313
"439",2016-06-01,84,391
"440",2016-06-01,88,196
"441",2016-06-01,90,340
"442",2016-06-01,94,111
"443",2016-06-01,100,209
"444",2016-06-01,101,248
"445",2016-06-01,102,370
"446",2016-06-01,103,500
"447",2016-06-01,104,279
"448",2016-06-01,105,345
"449",2016-06-01,106,242
"450",2016-06-01,107,242
"451",2016-06-01,108,180
"452",2016-06-01,109,350
"453",2016-06-01,110,383
"454",2016-06-01,111,114
"455",2016-06-01,112,145
"456",2016-06-01,113,677
"457",2016-06-01,114,498
"458",2016-06-01,115,436
"459",2016-06-01,120,388
"460",2016-06-01,121,327
"461",2016-06-01,122,193
"462",2016-06-01,123,147
"463",2016-07-01,1,267
"464",2016-07-01,5,488
"465",2016-07-01,6,191
"466",2016-07-01,7,226
"467",2016-07-01,9,286
"468",2016-07-01,10,191
"469",2016-07-01,13,309
"470",2016-07-01,14,805
"471",2016-07-01,17,118
"472",2016-07-01,18,344
"473",2016-07-01,19,209
"474",2016-07-01,20,125
"475",2016-07-01,22,32
"476",2016-07-01,23,356
"477",2016-07-01,24,211
"478",2016-07-01,25,474
"479",2016-07-01,26,132
"480",2016-07-01,28,313
"481",2016-07-01,30,242
"482",2016-07-01,32,412
"483",2016-07-01,33,294
"484",2016-07-01,34,352
"485",2016-07-01,40,916
"486",2016-07-01,41,507
"487",2016-07-01,42,503
"488",2016-07-01,43,522
"489",2016-07-01,44,713
"490",2016-07-01,45,228
"491",2016-07-01,46,520
"492",2016-07-01,47,416
"493",2016-07-01,48,458
"494",2016-07-01,49,327
"495",2016-07-01,50,137
"496",2016-07-01,52,501
"497",2016-07-01,60,404
"498",2016-07-01,61,189
"499",2016-07-01,62,225
"500",2016-07-01,63,164
"501",2016-07-01,66,155
"502",2016-07-01,67,438
"503",2016-07-01,68,187
"504",2016-07-01,69,223
"505",2016-07-01,70,272
"506",2016-07-01,71,317
"507",2016-07-01,72,225
"508",2016-07-01,73,684
"509",2016-07-01,75,826
"510",2016-07-01,76,203
"511",2016-07-01,77,322
"512",2016-07-01,78,162
"513",2016-07-01,79,306
"514",2016-07-01,81,290
"515",2016-07-01,83,270
"516",2016-07-01,84,254
"517",2016-07-01,88,143
"518",2016-07-01,90,228
"519",2016-07-01,94,87
"520",2016-07-01,100,219
"521",2016-07-01,101,237
"522",2016-07-01,102,361
"523",2016-07-01,103,465
"524",2016-07-01,104,217
"525",2016-07-01,105,346
"526",2016-07-01,106,230
"527",2016-07-01,107,191
"528",2016-07-01,108,153
"529",2016-07-01,109,395
"530",2016-07-01,110,338
"531",2016-07-01,111,110
"532",2016-07-01,112,143
"533",2016-07-01,113,568
"534",2016-07-01,114,521
"535",2016-07-01,115,383
"536",2016-07-01,120,316
"537",2016-07-01,121,320
"538",2016-07-01,122,216
"539",2016-07-01,123,135
"540",2016-08-01,1,320
"541",2016-08-01,5,505
"542",2016-08-01,6,267
"543",2016-08-01,7,219
"544",2016-08-01,9,323
"545",2016-08-01,10,267
"546",2016-08-01,13,351
"547",2016-08-01,14,877
"548",2016-08-01,17,102
"549",2016-08-01,18,398
"550",2016-08-01,19,241
"551",2016-08-01,20,135
"552",2016-08-01,22,31
"553",2016-08-01,23,358
"554",2016-08-01,24,202
"555",2016-08-01,25,511
"556",2016-08-01,26,178
"557",2016-08-01,28,436
"558",2016-08-01,30,268
"559",2016-08-01,32,448
"560",2016-08-01,33,333
"561",2016-08-01,34,359
"562",2016-08-01,40,797
"563",2016-08-01,41,506
"564",2016-08-01,42,540
"565",2016-08-01,43,594
"566",2016-08-01,44,726
"567",2016-08-01,45,241
"568",2016-08-01,46,500
"569",2016-08-01,47,512
"570",2016-08-01,48,596
"571",2016-08-01,49,311
"572",2016-08-01,50,188
"573",2016-08-01,52,534
"574",2016-08-01,60,447
"575",2016-08-01,61,219
"576",2016-08-01,62,219
"577",2016-08-01,63,188
"578",2016-08-01,66,181
"579",2016-08-01,67,463
"580",2016-08-01,68,233
"581",2016-08-01,69,256
"582",2016-08-01,70,339
"583",2016-08-01,71,323
"584",2016-08-01,72,254
"585",2016-08-01,73,771
"586",2016-08-01,75,860
"587",2016-08-01,76,209
"588",2016-08-01,77,380
"589",2016-08-01,78,185
"590",2016-08-01,79,376
"591",2016-08-01,81,355
"592",2016-08-01,83,319
"593",2016-08-01,84,410
"594",2016-08-01,88,235
"595",2016-08-01,90,300
"596",2016-08-01,94,120
"597",2016-08-01,100,210
"598",2016-08-01,101,243
"599",2016-08-01,102,390
"600",2016-08-01,103,481
"601",2016-08-01,104,268
"602",2016-08-01,105,288
"603",2016-08-01,106,267
"604",2016-08-01,107,231
"605",2016-08-01,108,153
"606",2016-08-01,109,363
"607",2016-08-01,110,372
"608",2016-08-01,111,156
"609",2016-08-01,112,157
"610",2016-08-01,113,570
"611",2016-08-01,114,511
"612",2016-08-01,115,412
"613",2016-08-01,120,420
"614",2016-08-01,121,314
"615",2016-08-01,122,225
"616",2016-08-01,123,136
"617",2016-09-01,1,299
"618",2016-09-01,5,450
"619",2016-09-01,6,192
"620",2016-09-01,7,228
"621",2016-09-01,9,248
"622",2016-09-01,10,184
"623",2016-09-01,13,339
"624",2016-09-01,14,846
"625",2016-09-01,17,116
"626",2016-09-01,18,384
"627",2016-09-01,19,253
"628",2016-09-01,20,165
"629",2016-09-01,22,16
"630",2016-09-01,23,414
"631",2016-09-01,24,195
"632",2016-09-01,25,669
"633",2016-09-01,26,206
"634",2016-09-01,28,293
"635",2016-09-01,30,271
"636",2016-09-01,32,405
"637",2016-09-01,33,331
"638",2016-09-01,34,399
"639",2016-09-01,40,741
"640",2016-09-01,41,440
"641",2016-09-01,42,459
"642",2016-09-01,43,504
"643",2016-09-01,44,661
"644",2016-09-01,45,229
"645",2016-09-01,46,541
"646",2016-09-01,47,437
"647",2016-09-01,48,478
"648",2016-09-01,49,296
"649",2016-09-01,50,159
"650",2016-09-01,52,475
"651",2016-09-01,60,322
"652",2016-09-01,61,205
"653",2016-09-01,62,171
"654",2016-09-01,63,218
"655",2016-09-01,66,180
"656",2016-09-01,67,463
"657",2016-09-01,68,221
"658",2016-09-01,69,231
"659",2016-09-01,70,298
"660",2016-09-01,71,354
"661",2016-09-01,72,232
"662",2016-09-01,73,692
"663",2016-09-01,75,783
"664",2016-09-01,76,203
"665",2016-09-01,77,314
"666",2016-09-01,78,209
"667",2016-09-01,79,375
"668",2016-09-01,81,297
"669",2016-09-01,83,267
"670",2016-09-01,84,316
"671",2016-09-01,88,210
"672",2016-09-01,90,278
"673",2016-09-01,94,139
"674",2016-09-01,100,156
"675",2016-09-01,101,204
"676",2016-09-01,102,344
"677",2016-09-01,103,473
"678",2016-09-01,104,228
"679",2016-09-01,105,286
"680",2016-09-01,106,223
"681",2016-09-01,107,214
"682",2016-09-01,108,139
"683",2016-09-01,109,359
"684",2016-09-01,110,332
"685",2016-09-01,111,141
"686",2016-09-01,112,142
"687",2016-09-01,113,552
"688",2016-09-01,114,426
"689",2016-09-01,115,377
"690",2016-09-01,120,531
"691",2016-09-01,121,287
"692",2016-09-01,122,184
"693",2016-09-01,123,122
"694",2016-10-01,1,354
"695",2016-10-01,5,387
"696",2016-10-01,6,278
"697",2016-10-01,7,274
"698",2016-10-01,9,272
"699",2016-10-01,10,237
"700",2016-10-01,13,380
"701",2016-10-01,14,945
"702",2016-10-01,17,141
"703",2016-10-01,18,395
"704",2016-10-01,19,259
"705",2016-10-01,20,177
"706",2016-10-01,22,14
"707",2016-10-01,23,387
"708",2016-10-01,24,190
"709",2016-10-01,25,552
"710",2016-10-01,26,178
"711",2016-10-01,28,285
"712",2016-10-01,30,286
"713",2016-10-01,32,420
"714",2016-10-01,33,363
"715",2016-10-01,34,425
"716",2016-10-01,40,881
"717",2016-10-01,41,461
"718",2016-10-01,42,519
"719",2016-10-01,43,507
"720",2016-10-01,44,693
"721",2016-10-01,45,227
"722",2016-10-01,46,513
"723",2016-10-01,47,521
"724",2016-10-01,48,542
"725",2016-10-01,49,303
"726",2016-10-01,50,207
"727",2016-10-01,52,608
"728",2016-10-01,60,340
"729",2016-10-01,61,224
"730",2016-10-01,62,233
"731",2016-10-01,63,198
"732",2016-10-01,66,173
"733",2016-10-01,67,535
"734",2016-10-01,68,259
"735",2016-10-01,69,240
"736",2016-10-01,70,351
"737",2016-10-01,71,379
"738",2016-10-01,72,299
"739",2016-10-01,73,667
"740",2016-10-01,75,912
"741",2016-10-01,76,217
"742",2016-10-01,77,437
"743",2016-10-01,78,204
"744",2016-10-01,79,349
"745",2016-10-01,81,293
"746",2016-10-01,83,327
"747",2016-10-01,84,308
"748",2016-10-01,88,162
"749",2016-10-01,90,254
"750",2016-10-01,94,135
"751",2016-10-01,100,185
"752",2016-10-01,101,215
"753",2016-10-01,102,438
"754",2016-10-01,103,486
"755",2016-10-01,104,230
"756",2016-10-01,105,279
"757",2016-10-01,106,275
"758",2016-10-01,107,221
"759",2016-10-01,108,172
"760",2016-10-01,109,410
"761",2016-10-01,110,410
"762",2016-10-01,111,153
"763",2016-10-01,112,141
"764",2016-10-01,113,578
"765",2016-10-01,114,506
"766",2016-10-01,115,475
"767",2016-10-01,120,462
"768",2016-10-01,121,288
"769",2016-10-01,122,160
"770",2016-10-01,123,155
"771",2016-11-01,1,333
"772",2016-11-01,5,392
"773",2016-11-01,6,217
"774",2016-11-01,7,198
"775",2016-11-01,9,310
"776",2016-11-01,10,219
"777",2016-11-01,13,344
"778",2016-11-01,14,752
"779",2016-11-01,17,102
"780",2016-11-01,18,346
"781",2016-11-01,19,190
"782",2016-11-01,20,151
"783",2016-11-01,22,11
"784",2016-11-01,23,356
"785",2016-11-01,24,180
"786",2016-11-01,25,477
"787",2016-11-01,26,163
"788",2016-11-01,28,301
"789",2016-11-01,30,237
"790",2016-11-01,32,360
"791",2016-11-01,33,318
"792",2016-11-01,34,322
"793",2016-11-01,40,706
"794",2016-11-01,41,380
"795",2016-11-01,42,467
"796",2016-11-01,43,374
"797",2016-11-01,44,732
"798",2016-11-01,45,182
"799",2016-11-01,46,395
"800",2016-11-01,47,402
"801",2016-11-01,48,400
"802",2016-11-01,49,342
"803",2016-11-01,50,143
"804",2016-11-01,52,535
"805",2016-11-01,60,309
"806",2016-11-01,61,220
"807",2016-11-01,62,200
"808",2016-11-01,63,174
"809",2016-11-01,66,143
"810",2016-11-01,67,431
"811",2016-11-01,68,251
"812",2016-11-01,69,201
"813",2016-11-01,70,276
"814",2016-11-01,71,336
"815",2016-11-01,72,291
"816",2016-11-01,73,492
"817",2016-11-01,75,741
"818",2016-11-01,76,165
"819",2016-11-01,77,327
"820",2016-11-01,78,179
"821",2016-11-01,79,427
"822",2016-11-01,81,279
"823",2016-11-01,83,282
"824",2016-11-01,84,331
"825",2016-11-01,88,152
"826",2016-11-01,90,277
"827",2016-11-01,94,118
"828",2016-11-01,100,152
"829",2016-11-01,101,237
"830",2016-11-01,102,364
"831",2016-11-01,103,345
"832",2016-11-01,104,222
"833",2016-11-01,105,312
"834",2016-11-01,106,242
"835",2016-11-01,107,199
"836",2016-11-01,108,170
"837",2016-11-01,109,375
"838",2016-11-01,110,345
"839",2016-11-01,111,106
"840",2016-11-01,112,150
"841",2016-11-01,113,518
"842",2016-11-01,114,464
"843",2016-11-01,115,377
"844",2016-11-01,120,381
"845",2016-11-01,121,257
"846",2016-11-01,122,148
"847",2016-11-01,123,139
"848",2016-12-01,1,284
"849",2016-12-01,5,330
"850",2016-12-01,6,227
"851",2016-12-01,7,250
"852",2016-12-01,9,261
"853",2016-12-01,10,199
"854",2016-12-01,13,364
"855",2016-12-01,14,837
"856",2016-12-01,17,100
"857",2016-12-01,18,402
"858",2016-12-01,19,241
"859",2016-12-01,20,125
"860",2016-12-01,22,12
"861",2016-12-01,23,293
"862",2016-12-01,24,122
"863",2016-12-01,25,440
"864",2016-12-01,26,149
"865",2016-12-01,28,359
"866",2016-12-01,30,233
"867",2016-12-01,32,353
"868",2016-12-01,33,311
"869",2016-12-01,34,299
"870",2016-12-01,40,694
"871",2016-12-01,41,367
"872",2016-12-01,42,477
"873",2016-12-01,43,542
"874",2016-12-01,44,622
"875",2016-12-01,45,219
"876",2016-12-01,46,404
"877",2016-12-01,47,439
"878",2016-12-01,48,347
"879",2016-12-01,49,318
"880",2016-12-01,50,156
"881",2016-12-01,52,532
"882",2016-12-01,60,315
"883",2016-12-01,61,233
"884",2016-12-01,62,164
"885",2016-12-01,63,164
"886",2016-12-01,66,151
"887",2016-12-01,67,433
"888",2016-12-01,68,240
"889",2016-12-01,69,186
"890",2016-12-01,70,290
"891",2016-12-01,71,357
"892",2016-12-01,72,297
"893",2016-12-01,73,479
"894",2016-12-01,75,684
"895",2016-12-01,76,223
"896",2016-12-01,77,375
"897",2016-12-01,78,191
"898",2016-12-01,79,353
"899",2016-12-01,81,251
"900",2016-12-01,83,240
"901",2016-12-01,84,355
"902",2016-12-01,88,319
"903",2016-12-01,90,226
"904",2016-12-01,94,114
"905",2016-12-01,100,116
"906",2016-12-01,101,250
"907",2016-12-01,102,350
"908",2016-12-01,103,382
"909",2016-12-01,104,225
"910",2016-12-01,105,281
"911",2016-12-01,106,277
"912",2016-12-01,107,232
"913",2016-12-01,108,166
"914",2016-12-01,109,354
"915",2016-12-01,110,317
"916",2016-12-01,111,133
"917",2016-12-01,112,169
"918",2016-12-01,113,466
"919",2016-12-01,114,438
"920",2016-12-01,115,387
"921",2016-12-01,120,410
"922",2016-12-01,121,254
"923",2016-12-01,122,172
"924",2016-12-01,123,97
"925",2017-01-01,1,325
"926",2017-01-01,5,406
"927",2017-01-01,6,218
"928",2017-01-01,7,298
"929",2017-01-01,9,290
"930",2017-01-01,10,195
"931",2017-01-01,13,357
"932",2017-01-01,14,883
"933",2017-01-01,17,123
"934",2017-01-01,18,406
"935",2017-01-01,19,242
"936",2017-01-01,20,130
"937",2017-01-01,22,7
"938",2017-01-01,23,350
"939",2017-01-01,24,166
"940",2017-01-01,25,472
"941",2017-01-01,26,178
"942",2017-01-01,28,345
"943",2017-01-01,30,193
"944",2017-01-01,32,378
"945",2017-01-01,33,328
"946",2017-01-01,34,417
"947",2017-01-01,40,813
"948",2017-01-01,41,447
"949",2017-01-01,42,612
"950",2017-01-01,43,571
"951",2017-01-01,44,723
"952",2017-01-01,45,197
"953",2017-01-01,46,496
"954",2017-01-01,47,477
"955",2017-01-01,48,488
"956",2017-01-01,49,322
"957",2017-01-01,50,168
"958",2017-01-01,52,535
"959",2017-01-01,60,352
"960",2017-01-01,61,228
"961",2017-01-01,62,164
"962",2017-01-01,63,176
"963",2017-01-01,66,151
"964",2017-01-01,67,496
"965",2017-01-01,68,233
"966",2017-01-01,69,212
"967",2017-01-01,70,343
"968",2017-01-01,71,397
"969",2017-01-01,72,321
"970",2017-01-01,73,669
"971",2017-01-01,75,781
"972",2017-01-01,76,211
"973",2017-01-01,77,379
"974",2017-01-01,78,204
"975",2017-01-01,79,365
"976",2017-01-01,81,230
"977",2017-01-01,83,338
"978",2017-01-01,84,448
"979",2017-01-01,88,149
"980",2017-01-01,90,253
"981",2017-01-01,94,139
"982",2017-01-01,100,146
"983",2017-01-01,101,274
"984",2017-01-01,102,370
"985",2017-01-01,103,461
"986",2017-01-01,104,215
"987",2017-01-01,105,340
"988",2017-01-01,106,271
"989",2017-01-01,107,234
"990",2017-01-01,108,165
"991",2017-01-01,109,391
"992",2017-01-01,110,307
"993",2017-01-01,111,142
"994",2017-01-01,112,162
"995",2017-01-01,113,563
"996",2017-01-01,114,542
"997",2017-01-01,115,420
"998",2017-01-01,120,415
"999",2017-01-01,121,257
"1000",2017-01-01,122,150
"1001",2017-01-01,123,150
"1002",2017-02-01,1,243
"1003",2017-02-01,5,370
"1004",2017-02-01,6,266
"1005",2017-02-01,7,257
"1006",2017-02-01,9,234
"1007",2017-02-01,10,158
"1008",2017-02-01,13,288
"1009",2017-02-01,14,783
"1010",2017-02-01,17,150
"1011",2017-02-01,18,344
"1012",2017-02-01,19,216
"1013",2017-02-01,20,163
"1014",2017-02-01,22,15
"1015",2017-02-01,23,349
"1016",2017-02-01,24,176
"1017",2017-02-01,25,474
"1018",2017-02-01,26,179
"1019",2017-02-01,28,280
"1020",2017-02-01,30,148
"1021",2017-02-01,32,307
"1022",2017-02-01,33,294
"1023",2017-02-01,34,375
"1024",2017-02-01,40,766
"1025",2017-02-01,41,411
"1026",2017-02-01,42,466
"1027",2017-02-01,43,460
"1028",2017-02-01,44,595
"1029",2017-02-01,45,181
"1030",2017-02-01,46,491
"1031",2017-02-01,47,422
"1032",2017-02-01,48,447
"1033",2017-02-01,49,292
"1034",2017-02-01,50,155
"1035",2017-02-01,52,524
"1036",2017-02-01,60,334
"1037",2017-02-01,61,234
"1038",2017-02-01,62,159
"1039",2017-02-01,63,164
"1040",2017-02-01,66,134
"1041",2017-02-01,67,429
"1042",2017-02-01,68,245
"1043",2017-02-01,69,214
"1044",2017-02-01,70,337
"1045",2017-02-01,71,294
"1046",2017-02-01,72,309
"1047",2017-02-01,73,523
"1048",2017-02-01,75,625
"1049",2017-02-01,76,209
"1050",2017-02-01,77,379
"1051",2017-02-01,78,192
"1052",2017-02-01,79,333
"1053",2017-02-01,81,230
"1054",2017-02-01,83,242
"1055",2017-02-01,84,330
"1056",2017-02-01,88,180
"1057",2017-02-01,90,261
"1058",2017-02-01,94,127
"1059",2017-02-01,100,137
"1060",2017-02-01,101,211
"1061",2017-02-01,102,330
"1062",2017-02-01,103,416
"1063",2017-02-01,104,211
"1064",2017-02-01,105,313
"1065",2017-02-01,106,272
"1066",2017-02-01,107,277
"1067",2017-02-01,108,150
"1068",2017-02-01,109,363
"1069",2017-02-01,110,250
"1070",2017-02-01,111,114
"1071",2017-02-01,112,129
"1072",2017-02-01,113,496
"1073",2017-02-01,114,428
"1074",2017-02-01,115,408
"1075",2017-02-01,120,370
"1076",2017-02-01,121,231
"1077",2017-02-01,122,153
"1078",2017-02-01,123,143
"1079",2017-03-01,1,301
"1080",2017-03-01,5,436
"1081",2017-03-01,6,243
"1082",2017-03-01,7,242
"1083",2017-03-01,9,230
"1084",2017-03-01,10,201
"1085",2017-03-01,13,351
"1086",2017-03-01,14,848
"1087",2017-03-01,17,153
"1088",2017-03-01,18,395
"1089",2017-03-01,19,210
"1090",2017-03-01,20,166
"1091",2017-03-01,22,15
"1092",2017-03-01,23,364
"1093",2017-03-01,24,234
"1094",2017-03-01,25,567
"1095",2017-03-01,26,207
"1096",2017-03-01,28,306
"1097",2017-03-01,30,175
"1098",2017-03-01,32,330
"1099",2017-03-01,33,318
"1100",2017-03-01,34,455
"1101",2017-03-01,40,866
"1102",2017-03-01,41,472
"1103",2017-03-01,42,456
"1104",2017-03-01,43,548
"1105",2017-03-01,44,608
"1106",2017-03-01,45,222
"1107",2017-03-01,46,510
"1108",2017-03-01,47,439
"1109",2017-03-01,48,369
"1110",2017-03-01,49,295
"1111",2017-03-01,50,146
"1112",2017-03-01,52,551
"1113",2017-03-01,60,330
"1114",2017-03-01,61,239
"1115",2017-03-01,62,227
"1116",2017-03-01,63,158
"1117",2017-03-01,66,194
"1118",2017-03-01,67,506
"1119",2017-03-01,68,263
"1120",2017-03-01,69,265
"1121",2017-03-01,70,323
"1122",2017-03-01,71,344
"1123",2017-03-01,72,347
"1124",2017-03-01,73,485
"1125",2017-03-01,75,758
"1126",2017-03-01,76,224
"1127",2017-03-01,77,410
"1128",2017-03-01,78,199
"1129",2017-03-01,79,375
"1130",2017-03-01,81,275
"1131",2017-03-01,83,343
"1132",2017-03-01,84,417
"1133",2017-03-01,88,171
"1134",2017-03-01,90,290
"1135",2017-03-01,94,154
"1136",2017-03-01,100,167
"1137",2017-03-01,101,235
"1138",2017-03-01,102,428
"1139",2017-03-01,103,456
"1140",2017-03-01,104,229
"1141",2017-03-01,105,343
"1142",2017-03-01,106,294
"1143",2017-03-01,107,324
"1144",2017-03-01,108,228
"1145",2017-03-01,109,370
"1146",2017-03-01,110,337
"1147",2017-03-01,111,129
"1148",2017-03-01,112,148
"1149",2017-03-01,113,566
"1150",2017-03-01,114,459
"1151",2017-03-01,115,455
"1152",2017-03-01,120,371
"1153",2017-03-01,121,271
"1154",2017-03-01,122,173
"1155",2017-03-01,123,149
"1156",2017-04-01,1,296
"1157",2017-04-01,5,418
"1158",2017-04-01,6,265
"1159",2017-04-01,7,214
"1160",2017-04-01,9,252
"1161",2017-04-01,10,165
"1162",2017-04-01,13,346
"1163",2017-04-01,14,822
"1164",2017-04-01,17,143
"1165",2017-04-01,18,408
"1166",2017-04-01,19,246
"1167",2017-04-01,20,187
"1168",2017-04-01,22,15
"1169",2017-04-01,23,381
"1170",2017-04-01,24,217
"1171",2017-04-01,25,567
"1172",2017-04-01,26,195
"1173",2017-04-01,28,268
"1174",2017-04-01,30,179
"1175",2017-04-01,32,352
"1176",2017-04-01,33,300
"1177",2017-04-01,34,387
"1178",2017-04-01,40,716
"1179",2017-04-01,41,356
"1180",2017-04-01,42,416
"1181",2017-04-01,43,511
"1182",2017-04-01,44,686
"1183",2017-04-01,45,233
"1184",2017-04-01,46,468
"1185",2017-04-01,47,488
"1186",2017-04-01,48,454
"1187",2017-04-01,49,306
"1188",2017-04-01,50,153
"1189",2017-04-01,52,572
"1190",2017-04-01,60,362
"1191",2017-04-01,61,251
"1192",2017-04-01,62,196
"1193",2017-04-01,63,154
"1194",2017-04-01,66,117
"1195",2017-04-01,67,442
"1196",2017-04-01,68,261
"1197",2017-04-01,69,264
"1198",2017-04-01,70,359
"1199",2017-04-01,71,352
"1200",2017-04-01,72,323
"1201",2017-04-01,73,455
"1202",2017-04-01,75,762
"1203",2017-04-01,76,233
"1204",2017-04-01,77,351
"1205",2017-04-01,78,194
"1206",2017-04-01,79,345
"1207",2017-04-01,81,271
"1208",2017-04-01,83,304
"1209",2017-04-01,84,374
"1210",2017-04-01,88,174
"1211",2017-04-01,90,338
"1212",2017-04-01,94,134
"1213",2017-04-01,100,159
"1214",2017-04-01,101,253
"1215",2017-04-01,102,367
"1216",2017-04-01,103,464
"1217",2017-04-01,104,274
"1218",2017-04-01,105,390
"1219",2017-04-01,106,229
"1220",2017-04-01,107,281
"1221",2017-04-01,108,185
"1222",2017-04-01,109,313
"1223",2017-04-01,110,311
"1224",2017-04-01,111,130
"1225",2017-04-01,112,117
"1226",2017-04-01,113,563
"1227",2017-04-01,114,501
"1228",2017-04-01,115,480
"1229",2017-04-01,120,449
"1230",2017-04-01,121,280
"1231",2017-04-01,122,140
"1232",2017-04-01,123,142
"1233",2017-05-01,1,240
"1234",2017-05-01,5,489
"1235",2017-05-01,6,321
"1236",2017-05-01,7,242
"1237",2017-05-01,9,251
"1238",2017-05-01,10,185
"1239",2017-05-01,13,369
"1240",2017-05-01,14,808
"1241",2017-05-01,17,122
"1242",2017-05-01,18,464
"1243",2017-05-01,19,261
"1244",2017-05-01,20,179
"1245",2017-05-01,22,13
"1246",2017-05-01,23,334
"1247",2017-05-01,24,226
"1248",2017-05-01,25,574
"1249",2017-05-01,26,172
"1250",2017-05-01,28,268
"1251",2017-05-01,30,190
"1252",2017-05-01,32,378
"1253",2017-05-01,33,301
"1254",2017-05-01,34,387
"1255",2017-05-01,40,655
"1256",2017-05-01,41,437
"1257",2017-05-01,42,419
"1258",2017-05-01,43,511
"1259",2017-05-01,44,659
"1260",2017-05-01,45,223
"1261",2017-05-01,46,457
"1262",2017-05-01,47,488
"1263",2017-05-01,48,429
"1264",2017-05-01,49,317
"1265",2017-05-01,50,142
"1266",2017-05-01,52,606
"1267",2017-05-01,60,358
"1268",2017-05-01,61,233
"1269",2017-05-01,62,227
"1270",2017-05-01,63,205
"1271",2017-05-01,66,121
"1272",2017-05-01,67,443
"1273",2017-05-01,68,280
"1274",2017-05-01,69,243
"1275",2017-05-01,70,370
"1276",2017-05-01,71,336
"1277",2017-05-01,72,336
"1278",2017-05-01,73,525
"1279",2017-05-01,75,668
"1280",2017-05-01,76,214
"1281",2017-05-01,77,342
"1282",2017-05-01,78,197
"1283",2017-05-01,79,317
"1284",2017-05-01,81,260
"1285",2017-05-01,83,325
"1286",2017-05-01,84,372
"1287",2017-05-01,88,133
"1288",2017-05-01,90,314
"1289",2017-05-01,94,161
"1290",2017-05-01,100,159
"1291",2017-05-01,101,254
"1292",2017-05-01,102,448
"1293",2017-05-01,103,380
"1294",2017-05-01,104,273
"1295",2017-05-01,105,321
"1296",2017-05-01,106,223
"1297",2017-05-01,107,272
"1298",2017-05-01,108,164
"1299",2017-05-01,109,368
"1300",2017-05-01,110,345
"1301",2017-05-01,111,135
"1302",2017-05-01,112,122
"1303",2017-05-01,113,512
"1304",2017-05-01,114,490
"1305",2017-05-01,115,455
"1306",2017-05-01,120,381
"1307",2017-05-01,121,324
"1308",2017-05-01,122,172
"1309",2017-05-01,123,153
"1310",2017-06-01,1,215
"1311",2017-06-01,5,459
"1312",2017-06-01,6,244
"1313",2017-06-01,7,231
"1314",2017-06-01,9,197
"1315",2017-06-01,10,221
"1316",2017-06-01,13,377
"1317",2017-06-01,14,736
"1318",2017-06-01,17,141
"1319",2017-06-01,18,399
"1320",2017-06-01,19,225
"1321",2017-06-01,20,150
"1322",2017-06-01,22,21
"1323",2017-06-01,23,361
"1324",2017-06-01,24,189
"1325",2017-06-01,25,533
"1326",2017-06-01,26,163
"1327",2017-06-01,28,239
"1328",2017-06-01,30,160
"1329",2017-06-01,32,296
"1330",2017-06-01,33,252
"1331",2017-06-01,34,288
"1332",2017-06-01,40,668
"1333",2017-06-01,41,386
"1334",2017-06-01,42,389
"1335",2017-06-01,43,537
"1336",2017-06-01,44,576
"1337",2017-06-01,45,229
"1338",2017-06-01,46,466
"1339",2017-06-01,47,467
"1340",2017-06-01,48,349
"1341",2017-06-01,49,347
"1342",2017-06-01,50,140
"1343",2017-06-01,52,568
"1344",2017-06-01,60,426
"1345",2017-06-01,61,211
"1346",2017-06-01,62,189
"1347",2017-06-01,63,149
"1348",2017-06-01,66,137
"1349",2017-06-01,67,393
"1350",2017-06-01,68,233
"1351",2017-06-01,69,267
"1352",2017-06-01,70,288
"1353",2017-06-01,71,335
"1354",2017-06-01,72,315
"1355",2017-06-01,73,554
"1356",2017-06-01,75,682
"1357",2017-06-01,76,243
"1358",2017-06-01,77,304
"1359",2017-06-01,78,201
"1360",2017-06-01,79,322
"1361",2017-06-01,81,251
"1362",2017-06-01,83,250
"1363",2017-06-01,84,330
"1364",2017-06-01,88,145
"1365",2017-06-01,90,293
"1366",2017-06-01,94,132
"1367",2017-06-01,100,186
"1368",2017-06-01,101,221
"1369",2017-06-01,102,362
"1370",2017-06-01,103,391
"1371",2017-06-01,104,223
"1372",2017-06-01,105,296
"1373",2017-06-01,106,241
"1374",2017-06-01,107,291
"1375",2017-06-01,108,180
"1376",2017-06-01,109,285
"1377",2017-06-01,110,314
"1378",2017-06-01,111,106
"1379",2017-06-01,112,127
"1380",2017-06-01,113,462
"1381",2017-06-01,114,499
"1382",2017-06-01,115,385
"1383",2017-06-01,120,410
"1384",2017-06-01,121,257
"1385",2017-06-01,122,177
"1386",2017-06-01,123,149
"1387",2017-07-01,1,222
"1388",2017-07-01,5,406
"1389",2017-07-01,6,277
"1390",2017-07-01,7,239
"1391",2017-07-01,9,217
"1392",2017-07-01,10,245
"1393",2017-07-01,13,326
"1394",2017-07-01,14,800
"1395",2017-07-01,17,123
"1396",2017-07-01,18,370
"1397",2017-07-01,19,235
"1398",2017-07-01,20,154
"1399",2017-07-01,22,18
"1400",2017-07-01,23,345
"1401",2017-07-01,24,176
"1402",2017-07-01,25,600
"1403",2017-07-01,26,116
"1404",2017-07-01,28,253
"1405",2017-07-01,30,173
"1406",2017-07-01,32,269
"1407",2017-07-01,33,262
"1408",2017-07-01,34,336
"1409",2017-07-01,40,663
"1410",2017-07-01,41,413
"1411",2017-07-01,42,430
"1412",2017-07-01,43,498
"1413",2017-07-01,44,577
"1414",2017-07-01,45,190
"1415",2017-07-01,46,367
"1416",2017-07-01,47,428
"1417",2017-07-01,48,402
"1418",2017-07-01,49,309
"1419",2017-07-01,50,137
"1420",2017-07-01,52,550
"1421",2017-07-01,60,451
"1422",2017-07-01,61,211
"1423",2017-07-01,62,211
"1424",2017-07-01,63,160
"1425",2017-07-01,66,143
"1426",2017-07-01,67,390
"1427",2017-07-01,68,283
"1428",2017-07-01,69,252
"1429",2017-07-01,70,376
"1430",2017-07-01,71,302
"1431",2017-07-01,72,312
"1432",2017-07-01,73,532
"1433",2017-07-01,75,678
"1434",2017-07-01,76,192
"1435",2017-07-01,77,331
"1436",2017-07-01,78,162
"1437",2017-07-01,79,347
"1438",2017-07-01,81,268
"1439",2017-07-01,83,251
"1440",2017-07-01,84,301
"1441",2017-07-01,88,130
"1442",2017-07-01,90,266
"1443",2017-07-01,94,130
"1444",2017-07-01,100,177
"1445",2017-07-01,101,224
"1446",2017-07-01,102,330
"1447",2017-07-01,103,448
"1448",2017-07-01,104,251
"1449",2017-07-01,105,297
"1450",2017-07-01,106,230
"1451",2017-07-01,107,278
"1452",2017-07-01,108,174
"1453",2017-07-01,109,320
"1454",2017-07-01,110,268
"1455",2017-07-01,111,114
"1456",2017-07-01,112,131
"1457",2017-07-01,113,489
"1458",2017-07-01,114,456
"1459",2017-07-01,115,409
"1460",2017-07-01,120,455
"1461",2017-07-01,121,268
"1462",2017-07-01,122,172
"1463",2017-07-01,123,137
"1464",2017-08-01,1,257
"1465",2017-08-01,5,405
"1466",2017-08-01,6,319
"1467",2017-08-01,7,204
"1468",2017-08-01,9,241
"1469",2017-08-01,10,223
"1470",2017-08-01,13,306
"1471",2017-08-01,14,814
"1472",2017-08-01,17,137
"1473",2017-08-01,18,427
"1474",2017-08-01,19,295
"1475",2017-08-01,20,184
"1476",2017-08-01,22,16
"1477",2017-08-01,23,342
"1478",2017-08-01,24,186
"1479",2017-08-01,25,580
"1480",2017-08-01,26,125
"1481",2017-08-01,28,286
"1482",2017-08-01,30,160
"1483",2017-08-01,32,339
"1484",2017-08-01,33,275
"1485",2017-08-01,34,275
"1486",2017-08-01,40,660
"1487",2017-08-01,41,436
"1488",2017-08-01,42,498
"1489",2017-08-01,43,509
"1490",2017-08-01,44,682
"1491",2017-08-01,45,218
"1492",2017-08-01,46,387
"1493",2017-08-01,47,509
"1494",2017-08-01,48,417
"1495",2017-08-01,49,336
"1496",2017-08-01,50,119
"1497",2017-08-01,52,597
"1498",2017-08-01,60,402
"1499",2017-08-01,61,203
"1500",2017-08-01,62,166
"1501",2017-08-01,63,160
"1502",2017-08-01,66,133
"1503",2017-08-01,67,391
"1504",2017-08-01,68,281
"1505",2017-08-01,69,242
"1506",2017-08-01,70,339
"1507",2017-08-01,71,295
"1508",2017-08-01,72,287
"1509",2017-08-01,73,545
"1510",2017-08-01,75,729
"1511",2017-08-01,76,185
"1512",2017-08-01,77,405
"1513",2017-08-01,78,161
"1514",2017-08-01,79,350
"1515",2017-08-01,81,271
"1516",2017-08-01,83,299
"1517",2017-08-01,84,352
"1518",2017-08-01,88,164
"1519",2017-08-01,90,281
"1520",2017-08-01,94,127
"1521",2017-08-01,100,157
"1522",2017-08-01,101,205
"1523",2017-08-01,102,361
"1524",2017-08-01,103,390
"1525",2017-08-01,104,294
"1526",2017-08-01,105,338
"1527",2017-08-01,106,251
"1528",2017-08-01,107,257
"1529",2017-08-01,108,183
"1530",2017-08-01,109,348
"1531",2017-08-01,110,345
"1532",2017-08-01,111,107
"1533",2017-08-01,112,129
"1534",2017-08-01,113,418
"1535",2017-08-01,114,401
"1536",2017-08-01,115,379
"1537",2017-08-01,120,425
"1538",2017-08-01,121,264
"1539",2017-08-01,122,176
"1540",2017-08-01,123,138
"1541",2017-09-01,1,226
"1542",2017-09-01,5,490
"1543",2017-09-01,6,270
"1544",2017-09-01,7,214
"1545",2017-09-01,9,226
"1546",2017-09-01,10,186
"1547",2017-09-01,13,326
"1548",2017-09-01,14,728
"1549",2017-09-01,17,123
"1550",2017-09-01,18,454
"1551",2017-09-01,19,236
"1552",2017-09-01,20,131
"1553",2017-09-01,22,28
"1554",2017-09-01,23,344
"1555",2017-09-01,24,150
"1556",2017-09-01,25,629
"1557",2017-09-01,26,164
"1558",2017-09-01,28,285
"1559",2017-09-01,30,164
"1560",2017-09-01,32,287
"1561",2017-09-01,33,283
"1562",2017-09-01,34,289
"1563",2017-09-01,40,628
"1564",2017-09-01,41,422
"1565",2017-09-01,42,462
"1566",2017-09-01,43,520
"1567",2017-09-01,44,603
"1568",2017-09-01,45,178
"1569",2017-09-01,46,415
"1570",2017-09-01,47,480
"1571",2017-09-01,48,399
"1572",2017-09-01,49,332
"1573",2017-09-01,50,114
"1574",2017-09-01,52,603
"1575",2017-09-01,60,291
"1576",2017-09-01,61,189
"1577",2017-09-01,62,205
"1578",2017-09-01,63,145
"1579",2017-09-01,66,103
"1580",2017-09-01,67,307
"1581",2017-09-01,68,214
"1582",2017-09-01,69,225
"1583",2017-09-01,70,264
"1584",2017-09-01,71,274
"1585",2017-09-01,72,300
"1586",2017-09-01,73,525
"1587",2017-09-01,75,565
"1588",2017-09-01,76,166
"1589",2017-09-01,77,347
"1590",2017-09-01,78,148
"1591",2017-09-01,79,403
"1592",2017-09-01,81,214
"1593",2017-09-01,83,308
"1594",2017-09-01,84,346
"1595",2017-09-01,88,182
"1596",2017-09-01,90,267
"1597",2017-09-01,94,133
"1598",2017-09-01,100,136
"1599",2017-09-01,101,213
"1600",2017-09-01,102,299
"1601",2017-09-01,103,377
"1602",2017-09-01,104,247
"1603",2017-09-01,105,315
"1604",2017-09-01,106,220
"1605",2017-09-01,107,208
"1606",2017-09-01,108,183
"1607",2017-09-01,109,297
"1608",2017-09-01,110,309
"1609",2017-09-01,111,83
"1610",2017-09-01,112,107
"1611",2017-09-01,113,445
"1612",2017-09-01,114,336
"1613",2017-09-01,115,405
"1614",2017-09-01,120,355
"1615",2017-09-01,121,219
"1616",2017-09-01,122,171
"1617",2017-09-01,123,150
"1618",2017-10-01,1,288
"1619",2017-10-01,5,482
"1620",2017-10-01,6,287
"1621",2017-10-01,7,211
"1622",2017-10-01,9,267
"1623",2017-10-01,10,215
"1624",2017-10-01,13,356
"1625",2017-10-01,14,819
"1626",2017-10-01,17,145
"1627",2017-10-01,18,440
"1628",2017-10-01,19,203
"1629",2017-10-01,20,155
"1630",2017-10-01,22,9
"1631",2017-10-01,23,411
"1632",2017-10-01,24,172
"1633",2017-10-01,25,532
"1634",2017-10-01,26,188
"1635",2017-10-01,28,257
"1636",2017-10-01,30,146
"1637",2017-10-01,32,340
"1638",2017-10-01,33,329
"1639",2017-10-01,34,357
"1640",2017-10-01,40,698
"1641",2017-10-01,41,449
"1642",2017-10-01,42,502
"1643",2017-10-01,43,514
"1644",2017-10-01,44,609
"1645",2017-10-01,45,238
"1646",2017-10-01,46,483
"1647",2017-10-01,47,497
"1648",2017-10-01,48,485
"1649",2017-10-01,49,334
"1650",2017-10-01,50,117
"1651",2017-10-01,52,682
"1652",2017-10-01,60,280
"1653",2017-10-01,61,211
"1654",2017-10-01,62,274
"1655",2017-10-01,63,205
"1656",2017-10-01,66,122
"1657",2017-10-01,67,465
"1658",2017-10-01,68,224
"1659",2017-10-01,69,236
"1660",2017-10-01,70,361
"1661",2017-10-01,71,315
"1662",2017-10-01,72,323
"1663",2017-10-01,73,449
"1664",2017-10-01,75,739
"1665",2017-10-01,76,206
"1666",2017-10-01,77,383
"1667",2017-10-01,78,178
"1668",2017-10-01,79,375
"1669",2017-10-01,81,263
"1670",2017-10-01,83,294
"1671",2017-10-01,84,391
"1672",2017-10-01,88,158
"1673",2017-10-01,90,275
"1674",2017-10-01,94,165
"1675",2017-10-01,100,165
"1676",2017-10-01,101,226
"1677",2017-10-01,102,364
"1678",2017-10-01,103,362
"1679",2017-10-01,104,285
"1680",2017-10-01,105,318
"1681",2017-10-01,106,211
"1682",2017-10-01,107,260
"1683",2017-10-01,108,222
"1684",2017-10-01,109,350
"1685",2017-10-01,110,328
"1686",2017-10-01,111,120
"1687",2017-10-01,112,129
"1688",2017-10-01,113,550
"1689",2017-10-01,114,440
"1690",2017-10-01,115,357
"1691",2017-10-01,120,410
"1692",2017-10-01,121,265
"1693",2017-10-01,122,175
"1694",2017-10-01,123,99
"1695",2017-11-01,1,235
"1696",2017-11-01,5,484
"1697",2017-11-01,6,228
"1698",2017-11-01,7,180
"1699",2017-11-01,9,253
"1700",2017-11-01,10,228
"1701",2017-11-01,13,290
"1702",2017-11-01,14,848
"1703",2017-11-01,17,172
"1704",2017-11-01,18,413
"1705",2017-11-01,19,255
"1706",2017-11-01,20,167
"1707",2017-11-01,22,23
"1708",2017-11-01,23,340
"1709",2017-11-01,24,144
"1710",2017-11-01,25,511
"1711",2017-11-01,26,154
"1712",2017-11-01,28,233
"1713",2017-11-01,30,140
"1714",2017-11-01,32,293
"1715",2017-11-01,33,288
"1716",2017-11-01,34,301
"1717",2017-11-01,40,676
"1718",2017-11-01,41,408
"1719",2017-11-01,42,350
"1720",2017-11-01,43,437
"1721",2017-11-01,44,537
"1722",2017-11-01,45,206
"1723",2017-11-01,46,501
"1724",2017-11-01,47,463
"1725",2017-11-01,48,400
"1726",2017-11-01,49,324
"1727",2017-11-01,50,121
"1728",2017-11-01,52,620
"1729",2017-11-01,60,304
"1730",2017-11-01,61,220
"1731",2017-11-01,62,194
"1732",2017-11-01,63,171
"1733",2017-11-01,66,119
"1734",2017-11-01,67,432
"1735",2017-11-01,68,204
"1736",2017-11-01,69,220
"1737",2017-11-01,70,358
"1738",2017-11-01,71,312
"1739",2017-11-01,72,319
"1740",2017-11-01,73,512
"1741",2017-11-01,75,613
"1742",2017-11-01,76,196
"1743",2017-11-01,77,350
"1744",2017-11-01,78,217
"1745",2017-11-01,79,290
"1746",2017-11-01,81,204
"1747",2017-11-01,83,294
"1748",2017-11-01,84,358
"1749",2017-11-01,88,144
"1750",2017-11-01,90,214
"1751",2017-11-01,94,125
"1752",2017-11-01,100,133
"1753",2017-11-01,101,218
"1754",2017-11-01,102,327
"1755",2017-11-01,103,396
"1756",2017-11-01,104,245
"1757",2017-11-01,105,349
"1758",2017-11-01,106,233
"1759",2017-11-01,107,248
"1760",2017-11-01,108,178
"1761",2017-11-01,109,349
"1762",2017-11-01,110,314
"1763",2017-11-01,111,114
"1764",2017-11-01,112,128
"1765",2017-11-01,113,557
"1766",2017-11-01,114,362
"1767",2017-11-01,115,392
"1768",2017-11-01,120,389
"1769",2017-11-01,121,199
"1770",2017-11-01,122,162
"1771",2017-11-01,123,105
"1772",2017-12-01,1,226
"1773",2017-12-01,5,319
"1774",2017-12-01,6,256
"1775",2017-12-01,7,181
"1776",2017-12-01,9,230
"1777",2017-12-01,10,171
"1778",2017-12-01,13,268
"1779",2017-12-01,14,766
"1780",2017-12-01,17,167
"1781",2017-12-01,18,417
"1782",2017-12-01,19,236
"1783",2017-12-01,20,123
"1784",2017-12-01,22,20
"1785",2017-12-01,23,295
"1786",2017-12-01,24,149
"1787",2017-12-01,25,425
"1788",2017-12-01,26,130
"1789",2017-12-01,28,206
"1790",2017-12-01,30,169
"1791",2017-12-01,32,290
"1792",2017-12-01,33,267
"1793",2017-12-01,34,259
"1794",2017-12-01,40,548
"1795",2017-12-01,41,287
"1796",2017-12-01,42,327
"1797",2017-12-01,43,389
"1798",2017-12-01,44,516
"1799",2017-12-01,45,227
"1800",2017-12-01,46,391
"1801",2017-12-01,47,412
"1802",2017-12-01,48,370
"1803",2017-12-01,49,243
"1804",2017-12-01,50,115
"1805",2017-12-01,52,490
"1806",2017-12-01,60,243
"1807",2017-12-01,61,205
"1808",2017-12-01,62,182
"1809",2017-12-01,63,149
"1810",2017-12-01,66,94
"1811",2017-12-01,67,380
"1812",2017-12-01,68,177
"1813",2017-12-01,69,211
"1814",2017-12-01,70,327
"1815",2017-12-01,71,243
"1816",2017-12-01,72,256
"1817",2017-12-01,73,430
"1818",2017-12-01,75,544
"1819",2017-12-01,76,125
"1820",2017-12-01,77,329
"1821",2017-12-01,78,159
"1822",2017-12-01,79,298
"1823",2017-12-01,81,211
"1824",2017-12-01,83,244
"1825",2017-12-01,84,285
"1826",2017-12-01,88,128
"1827",2017-12-01,90,219
"1828",2017-12-01,94,149
"1829",2017-12-01,100,134
"1830",2017-12-01,101,186
"1831",2017-12-01,102,242
"1832",2017-12-01,103,401
"1833",2017-12-01,104,246
"1834",2017-12-01,105,279
"1835",2017-12-01,106,235
"1836",2017-12-01,107,212
"1837",2017-12-01,108,179
"1838",2017-12-01,109,308
"1839",2017-12-01,110,293
"1840",2017-12-01,111,108
"1841",2017-12-01,112,108
"1842",2017-12-01,113,450
"1843",2017-12-01,114,350
"1844",2017-12-01,115,294
"1845",2017-12-01,120,312
"1846",2017-12-01,121,203
"1847",2017-12-01,122,175
"1848",2017-12-01,123,87
"1849",2018-01-01,1,272
"1850",2018-01-01,5,460
"1851",2018-01-01,6,266
"1852",2018-01-01,7,217
"1853",2018-01-01,9,238
"1854",2018-01-01,10,210
"1855",2018-01-01,13,319
"1856",2018-01-01,14,931
"1857",2018-01-01,17,158
"1858",2018-01-01,18,388
"1859",2018-01-01,19,235
"1860",2018-01-01,20,155
"1861",2018-01-01,22,12
"1862",2018-01-01,23,369
"1863",2018-01-01,24,194
"1864",2018-01-01,25,554
"1865",2018-01-01,26,154
"1866",2018-01-01,28,255
"1867",2018-01-01,30,139
"1868",2018-01-01,32,332
"1869",2018-01-01,33,305
"1870",2018-01-01,34,365
"1871",2018-01-01,40,727
"1872",2018-01-01,41,359
"1873",2018-01-01,42,413
"1874",2018-01-01,43,398
"1875",2018-01-01,44,630
"1876",2018-01-01,45,233
"1877",2018-01-01,46,453
"1878",2018-01-01,47,501
"1879",2018-01-01,48,430
"1880",2018-01-01,49,304
"1881",2018-01-01,50,150
"1882",2018-01-01,52,589
"1883",2018-01-01,60,286
"1884",2018-01-01,61,227
"1885",2018-01-01,62,152
"1886",2018-01-01,63,157
"1887",2018-01-01,66,149
"1888",2018-01-01,67,493
"1889",2018-01-01,68,245
"1890",2018-01-01,69,237
"1891",2018-01-01,70,361
"1892",2018-01-01,71,291
"1893",2018-01-01,72,377
"1894",2018-01-01,73,563
"1895",2018-01-01,75,521
"1896",2018-01-01,76,205
"1897",2018-01-01,77,377
"1898",2018-01-01,78,195
"1899",2018-01-01,79,408
"1900",2018-01-01,81,234
"1901",2018-01-01,83,276
"1902",2018-01-01,84,420
"1903",2018-01-01,88,130
"1904",2018-01-01,90,261
"1905",2018-01-01,94,116
"1906",2018-01-01,100,125
"1907",2018-01-01,101,277
"1908",2018-01-01,102,311
"1909",2018-01-01,103,436
"1910",2018-01-01,104,227
"1911",2018-01-01,105,305
"1912",2018-01-01,106,273
"1913",2018-01-01,107,265
"1914",2018-01-01,108,168
"1915",2018-01-01,109,306
"1916",2018-01-01,110,326
"1917",2018-01-01,111,77
"1918",2018-01-01,112,127
"1919",2018-01-01,113,552
"1920",2018-01-01,114,394
"1921",2018-01-01,115,371
"1922",2018-01-01,120,383
"1923",2018-01-01,121,297
"1924",2018-01-01,122,145
"1925",2018-01-01,123,121
"1926",2018-02-01,1,236
"1927",2018-02-01,5,429
"1928",2018-02-01,6,243
"1929",2018-02-01,7,285
"1930",2018-02-01,9,238
"1931",2018-02-01,10,187
"1932",2018-02-01,13,271
"1933",2018-02-01,14,706
"1934",2018-02-01,17,148
"1935",2018-02-01,18,342
"1936",2018-02-01,19,230
"1937",2018-02-01,20,129
"1938",2018-02-01,22,6
"1939",2018-02-01,23,316
"1940",2018-02-01,24,185
"1941",2018-02-01,25,478
"1942",2018-02-01,26,185
"1943",2018-02-01,28,222
"1944",2018-02-01,30,143
"1945",2018-02-01,32,282
"1946",2018-02-01,33,241
"1947",2018-02-01,34,298
"1948",2018-02-01,40,639
"1949",2018-02-01,41,319
"1950",2018-02-01,42,351
"1951",2018-02-01,43,432
"1952",2018-02-01,44,520
"1953",2018-02-01,45,220
"1954",2018-02-01,46,485
"1955",2018-02-01,47,469
"1956",2018-02-01,48,429
"1957",2018-02-01,49,294
"1958",2018-02-01,50,130
"1959",2018-02-01,52,503
"1960",2018-02-01,60,292
"1961",2018-02-01,61,219
"1962",2018-02-01,62,132
"1963",2018-02-01,63,191
"1964",2018-02-01,66,120
"1965",2018-02-01,67,459
"1966",2018-02-01,68,286
"1967",2018-02-01,69,243
"1968",2018-02-01,70,388
"1969",2018-02-01,71,275
"1970",2018-02-01,72,305
"1971",2018-02-01,73,436
"1972",2018-02-01,75,540
"1973",2018-02-01,76,200
"1974",2018-02-01,77,357
"1975",2018-02-01,78,204
"1976",2018-02-01,79,301
"1977",2018-02-01,81,218
"1978",2018-02-01,83,287
"1979",2018-02-01,84,262
"1980",2018-02-01,88,135
"1981",2018-02-01,90,235
"1982",2018-02-01,94,99
"1983",2018-02-01,100,134
"1984",2018-02-01,101,275
"1985",2018-02-01,102,274
"1986",2018-02-01,103,361
"1987",2018-02-01,104,229
"1988",2018-02-01,105,247
"1989",2018-02-01,106,234
"1990",2018-02-01,107,206
"1991",2018-02-01,108,163
"1992",2018-02-01,109,308
"1993",2018-02-01,110,296
"1994",2018-02-01,111,92
"1995",2018-02-01,112,144
"1996",2018-02-01,113,466
"1997",2018-02-01,114,326
"1998",2018-02-01,115,353
"1999",2018-02-01,120,377
"2000",2018-02-01,121,190
"2001",2018-02-01,122,175
"2002",2018-02-01,123,99
"2003",2018-03-01,1,208
"2004",2018-03-01,5,377
"2005",2018-03-01,6,227
"2006",2018-03-01,7,213
"2007",2018-03-01,9,256
"2008",2018-03-01,10,176
"2009",2018-03-01,13,265
"2010",2018-03-01,14,790
"2011",2018-03-01,17,171
"2012",2018-03-01,18,318
"2013",2018-03-01,19,209
"2014",2018-03-01,20,148
"2015",2018-03-01,22,9
"2016",2018-03-01,23,382
"2017",2018-03-01,24,197
"2018",2018-03-01,25,468
"2019",2018-03-01,26,171
"2020",2018-03-01,28,239
"2021",2018-03-01,30,188
"2022",2018-03-01,32,346
"2023",2018-03-01,33,238
"2024",2018-03-01,34,267
"2025",2018-03-01,40,602
"2026",2018-03-01,41,328
"2027",2018-03-01,42,418
"2028",2018-03-01,43,436
"2029",2018-03-01,44,547
"2030",2018-03-01,45,266
"2031",2018-03-01,46,456
"2032",2018-03-01,47,420
"2033",2018-03-01,48,424
"2034",2018-03-01,49,304
"2035",2018-03-01,50,100
"2036",2018-03-01,52,571
"2037",2018-03-01,60,312
"2038",2018-03-01,61,230
"2039",2018-03-01,62,136
"2040",2018-03-01,63,188
"2041",2018-03-01,66,101
"2042",2018-03-01,67,484
"2043",2018-03-01,68,230
"2044",2018-03-01,69,221
"2045",2018-03-01,70,386
"2046",2018-03-01,71,299
"2047",2018-03-01,72,325
"2048",2018-03-01,73,477
"2049",2018-03-01,75,616
"2050",2018-03-01,76,215
"2051",2018-03-01,77,341
"2052",2018-03-01,78,187
"2053",2018-03-01,79,313
"2054",2018-03-01,81,211
"2055",2018-03-01,83,288
"2056",2018-03-01,84,300
"2057",2018-03-01,88,130
"2058",2018-03-01,90,206
"2059",2018-03-01,94,134
"2060",2018-03-01,100,143
"2061",2018-03-01,101,275
"2062",2018-03-01,102,398
"2063",2018-03-01,103,345
"2064",2018-03-01,104,257
"2065",2018-03-01,105,231
"2066",2018-03-01,106,257
"2067",2018-03-01,107,203
"2068",2018-03-01,108,214
"2069",2018-03-01,109,348
"2070",2018-03-01,110,309
"2071",2018-03-01,111,109
"2072",2018-03-01,112,136
"2073",2018-03-01,113,487
"2074",2018-03-01,114,433
"2075",2018-03-01,115,389
"2076",2018-03-01,120,371
"2077",2018-03-01,121,214
"2078",2018-03-01,122,173
"2079",2018-03-01,123,105
"2080",2018-04-01,1,276
"2081",2018-04-01,5,433
"2082",2018-04-01,6,217
"2083",2018-04-01,7,201
"2084",2018-04-01,9,241
"2085",2018-04-01,10,172
"2086",2018-04-01,13,250
"2087",2018-04-01,14,699
"2088",2018-04-01,17,124
"2089",2018-04-01,18,334
"2090",2018-04-01,19,167
"2091",2018-04-01,20,128
"2092",2018-04-01,22,3
"2093",2018-04-01,23,328
"2094",2018-04-01,24,164
"2095",2018-04-01,25,437
"2096",2018-04-01,26,152
"2097",2018-04-01,28,230
"2098",2018-04-01,30,127
"2099",2018-04-01,32,257
"2100",2018-04-01,33,261
"2101",2018-04-01,34,257
"2102",2018-04-01,40,554
"2103",2018-04-01,41,355
"2104",2018-04-01,42,368
"2105",2018-04-01,43,425
"2106",2018-04-01,44,520
"2107",2018-04-01,45,225
"2108",2018-04-01,46,457
"2109",2018-04-01,47,407
"2110",2018-04-01,48,385
"2111",2018-04-01,49,271
"2112",2018-04-01,50,120
"2113",2018-04-01,52,497
"2114",2018-04-01,60,337
"2115",2018-04-01,61,182
"2116",2018-04-01,62,131
"2117",2018-04-01,63,189
"2118",2018-04-01,66,103
"2119",2018-04-01,67,391
"2120",2018-04-01,68,249
"2121",2018-04-01,69,191
"2122",2018-04-01,70,367
"2123",2018-04-01,71,236
"2124",2018-04-01,72,287
"2125",2018-04-01,73,474
"2126",2018-04-01,75,696
"2127",2018-04-01,76,173
"2128",2018-04-01,77,318
"2129",2018-04-01,78,164
"2130",2018-04-01,79,333
"2131",2018-04-01,81,185
"2132",2018-04-01,83,248
"2133",2018-04-01,84,329
"2134",2018-04-01,88,147
"2135",2018-04-01,90,199
"2136",2018-04-01,94,116
"2137",2018-04-01,100,123
"2138",2018-04-01,101,199
"2139",2018-04-01,102,361
"2140",2018-04-01,103,365
"2141",2018-04-01,104,261
"2142",2018-04-01,105,259
"2143",2018-04-01,106,253
"2144",2018-04-01,107,203
"2145",2018-04-01,108,171
"2146",2018-04-01,109,307
"2147",2018-04-01,110,309
"2148",2018-04-01,111,80
"2149",2018-04-01,112,142
"2150",2018-04-01,113,540
"2151",2018-04-01,114,358
"2152",2018-04-01,115,388
"2153",2018-04-01,120,397
"2154",2018-04-01,121,193
"2155",2018-04-01,122,198
"2156",2018-04-01,123,133
"2157",2018-05-01,1,235
"2158",2018-05-01,5,471
"2159",2018-05-01,6,250
"2160",2018-05-01,7,213
"2161",2018-05-01,9,201
"2162",2018-05-01,10,149
"2163",2018-05-01,13,295
"2164",2018-05-01,14,745
"2165",2018-05-01,17,152
"2166",2018-05-01,18,348
"2167",2018-05-01,19,183
"2168",2018-05-01,20,160
"2169",2018-05-01,22,18
"2170",2018-05-01,23,282
"2171",2018-05-01,24,131
"2172",2018-05-01,25,426
"2173",2018-05-01,26,153
"2174",2018-05-01,28,193
"2175",2018-05-01,30,159
"2176",2018-05-01,32,239
"2177",2018-05-01,33,231
"2178",2018-05-01,34,260
"2179",2018-05-01,40,558
"2180",2018-05-01,41,365
"2181",2018-05-01,42,385
"2182",2018-05-01,43,441
"2183",2018-05-01,44,620
"2184",2018-05-01,45,236
"2185",2018-05-01,46,551
"2186",2018-05-01,47,472
"2187",2018-05-01,48,405
"2188",2018-05-01,49,280
"2189",2018-05-01,50,100
"2190",2018-05-01,52,517
"2191",2018-05-01,60,343
"2192",2018-05-01,61,199
"2193",2018-05-01,62,141
"2194",2018-05-01,63,167
"2195",2018-05-01,66,126
"2196",2018-05-01,67,366
"2197",2018-05-01,68,196
"2198",2018-05-01,69,199
"2199",2018-05-01,70,336
"2200",2018-05-01,71,255
"2201",2018-05-01,72,277
"2202",2018-05-01,73,613
"2203",2018-05-01,75,578
"2204",2018-05-01,76,175
"2205",2018-05-01,77,295
"2206",2018-05-01,78,162
"2207",2018-05-01,79,383
"2208",2018-05-01,81,194
"2209",2018-05-01,83,295
"2210",2018-05-01,84,324
"2211",2018-05-01,88,109
"2212",2018-05-01,90,250
"2213",2018-05-01,94,126
"2214",2018-05-01,100,165
"2215",2018-05-01,101,210
"2216",2018-05-01,102,297
"2217",2018-05-01,103,387
"2218",2018-05-01,104,278
"2219",2018-05-01,105,306
"2220",2018-05-01,106,233
"2221",2018-05-01,107,209
"2222",2018-05-01,108,180
"2223",2018-05-01,109,390
"2224",2018-05-01,110,380
"2225",2018-05-01,111,117
"2226",2018-05-01,112,131
"2227",2018-05-01,113,480
"2228",2018-05-01,114,364
"2229",2018-05-01,115,424
"2230",2018-05-01,120,466
"2231",2018-05-01,121,247
"2232",2018-05-01,122,136
"2233",2018-05-01,123,103
"2234",2018-06-01,1,227
"2235",2018-06-01,5,353
"2236",2018-06-01,6,236
"2237",2018-06-01,7,174
"2238",2018-06-01,9,165
"2239",2018-06-01,10,151
"2240",2018-06-01,13,277
"2241",2018-06-01,14,605
"2242",2018-06-01,17,120
"2243",2018-06-01,18,308
"2244",2018-06-01,19,201
"2245",2018-06-01,20,131
"2246",2018-06-01,22,22
"2247",2018-06-01,23,277
"2248",2018-06-01,24,115
"2249",2018-06-01,25,375
"2250",2018-06-01,26,125
"2251",2018-06-01,28,229
"2252",2018-06-01,30,119
"2253",2018-06-01,32,241
"2254",2018-06-01,33,193
"2255",2018-06-01,34,234
"2256",2018-06-01,40,459
"2257",2018-06-01,41,298
"2258",2018-06-01,42,345
"2259",2018-06-01,43,350
"2260",2018-06-01,44,597
"2261",2018-06-01,45,165
"2262",2018-06-01,46,486
"2263",2018-06-01,47,428
"2264",2018-06-01,48,388
"2265",2018-06-01,49,287
"2266",2018-06-01,50,116
"2267",2018-06-01,52,481
"2268",2018-06-01,60,362
"2269",2018-06-01,61,159
"2270",2018-06-01,62,125
"2271",2018-06-01,63,165
"2272",2018-06-01,66,98
"2273",2018-06-01,67,381
"2274",2018-06-01,68,181
"2275",2018-06-01,69,182
"2276",2018-06-01,70,319
"2277",2018-06-01,71,202
"2278",2018-06-01,72,226
"2279",2018-06-01,73,481
"2280",2018-06-01,75,571
"2281",2018-06-01,76,165
"2282",2018-06-01,77,310
"2283",2018-06-01,78,145
"2284",2018-06-01,79,310
"2285",2018-06-01,81,190
"2286",2018-06-01,83,221
"2287",2018-06-01,84,278
"2288",2018-06-01,88,141
"2289",2018-06-01,90,202
"2290",2018-06-01,94,92
"2291",2018-06-01,100,132
"2292",2018-06-01,101,237
"2293",2018-06-01,102,250
"2294",2018-06-01,103,331
"2295",2018-06-01,104,221
"2296",2018-06-01,105,247
"2297",2018-06-01,106,216
"2298",2018-06-01,107,152
"2299",2018-06-01,108,144
"2300",2018-06-01,109,335
"2301",2018-06-01,110,306
"2302",2018-06-01,111,89
"2303",2018-06-01,112,112
"2304",2018-06-01,113,547
"2305",2018-06-01,114,345
"2306",2018-06-01,115,336
"2307",2018-06-01,120,369
"2308",2018-06-01,121,191
"2309",2018-06-01,122,180
"2310",2018-06-01,123,88
"2311",2018-07-01,1,229
"2312",2018-07-01,5,389
"2313",2018-07-01,6,223
"2314",2018-07-01,7,168
"2315",2018-07-01,9,183
"2316",2018-07-01,10,148
"2317",2018-07-01,13,328
"2318",2018-07-01,14,645
"2319",2018-07-01,17,107
"2320",2018-07-01,18,314
"2321",2018-07-01,19,195
"2322",2018-07-01,20,119
"2323",2018-07-01,22,20
"2324",2018-07-01,23,245
"2325",2018-07-01,24,144
"2326",2018-07-01,25,391
"2327",2018-07-01,26,142
"2328",2018-07-01,28,171
"2329",2018-07-01,30,137
"2330",2018-07-01,32,269
"2331",2018-07-01,33,205
"2332",2018-07-01,34,251
"2333",2018-07-01,40,516
"2334",2018-07-01,41,297
"2335",2018-07-01,42,328
"2336",2018-07-01,43,429
"2337",2018-07-01,44,637
"2338",2018-07-01,45,200
"2339",2018-07-01,46,515
"2340",2018-07-01,47,476
"2341",2018-07-01,48,417
"2342",2018-07-01,49,292
"2343",2018-07-01,50,91
"2344",2018-07-01,52,601
"2345",2018-07-01,60,447
"2346",2018-07-01,61,205
"2347",2018-07-01,62,161
"2348",2018-07-01,63,172
"2349",2018-07-01,66,136
"2350",2018-07-01,67,417
"2351",2018-07-01,68,215
"2352",2018-07-01,69,159
"2353",2018-07-01,70,273
"2354",2018-07-01,71,306
"2355",2018-07-01,72,257
"2356",2018-07-01,73,459
"2357",2018-07-01,75,569
"2358",2018-07-01,76,166
"2359",2018-07-01,77,297
"2360",2018-07-01,78,113
"2361",2018-07-01,79,406
"2362",2018-07-01,81,151
"2363",2018-07-01,83,249
"2364",2018-07-01,84,266
"2365",2018-07-01,88,98
"2366",2018-07-01,90,196
"2367",2018-07-01,94,127
"2368",2018-07-01,100,135
"2369",2018-07-01,101,232
"2370",2018-07-01,102,288
"2371",2018-07-01,103,359
"2372",2018-07-01,104,248
"2373",2018-07-01,105,335
"2374",2018-07-01,106,243
"2375",2018-07-01,107,159
"2376",2018-07-01,108,169
"2377",2018-07-01,109,366
"2378",2018-07-01,110,380
"2379",2018-07-01,111,96
"2380",2018-07-01,112,105
"2381",2018-07-01,113,484
"2382",2018-07-01,114,357
"2383",2018-07-01,115,358
"2384",2018-07-01,120,405
"2385",2018-07-01,121,225
"2386",2018-07-01,122,190
"2387",2018-07-01,123,74
"2388",2018-08-01,1,228
"2389",2018-08-01,5,340
"2390",2018-08-01,6,218
"2391",2018-08-01,7,153
"2392",2018-08-01,9,183
"2393",2018-08-01,10,159
"2394",2018-08-01,13,278
"2395",2018-08-01,14,615
"2396",2018-08-01,17,124
"2397",2018-08-01,18,380
"2398",2018-08-01,19,198
"2399",2018-08-01,20,135
"2400",2018-08-01,22,14
"2401",2018-08-01,23,238
"2402",2018-08-01,24,140
"2403",2018-08-01,25,568
"2404",2018-08-01,26,163
"2405",2018-08-01,28,173
"2406",2018-08-01,30,132
"2407",2018-08-01,32,281
"2408",2018-08-01,33,198
"2409",2018-08-01,34,261
"2410",2018-08-01,40,540
"2411",2018-08-01,41,372
"2412",2018-08-01,42,403
"2413",2018-08-01,43,505
"2414",2018-08-01,44,780
"2415",2018-08-01,45,225
"2416",2018-08-01,46,510
"2417",2018-08-01,47,460
"2418",2018-08-01,48,408
"2419",2018-08-01,49,273
"2420",2018-08-01,50,119
"2421",2018-08-01,52,472
"2422",2018-08-01,60,384
"2423",2018-08-01,61,190
"2424",2018-08-01,62,145
"2425",2018-08-01,63,168
"2426",2018-08-01,66,107
"2427",2018-08-01,67,372
"2428",2018-08-01,68,199
"2429",2018-08-01,69,163
"2430",2018-08-01,70,307
"2431",2018-08-01,71,295
"2432",2018-08-01,72,251
"2433",2018-08-01,73,420
"2434",2018-08-01,75,638
"2435",2018-08-01,76,146
"2436",2018-08-01,77,299
"2437",2018-08-01,78,138
"2438",2018-08-01,79,359
"2439",2018-08-01,81,201
"2440",2018-08-01,83,290
"2441",2018-08-01,84,343
"2442",2018-08-01,88,118
"2443",2018-08-01,90,240
"2444",2018-08-01,94,140
"2445",2018-08-01,100,123
"2446",2018-08-01,101,214
"2447",2018-08-01,102,263
"2448",2018-08-01,103,338
"2449",2018-08-01,104,206
"2450",2018-08-01,105,264
"2451",2018-08-01,106,250
"2452",2018-08-01,107,211
"2453",2018-08-01,108,129
"2454",2018-08-01,109,379
"2455",2018-08-01,110,314
"2456",2018-08-01,111,101
"2457",2018-08-01,112,149
"2458",2018-08-01,113,553
"2459",2018-08-01,114,375
"2460",2018-08-01,115,425
"2461",2018-08-01,120,441
"2462",2018-08-01,121,221
"2463",2018-08-01,122,175
"2464",2018-08-01,123,90
"2465",2018-09-01,1,184
"2466",2018-09-01,5,339
"2467",2018-09-01,6,212
"2468",2018-09-01,7,175
"2469",2018-09-01,9,164
"2470",2018-09-01,10,162
"2471",2018-09-01,13,231
"2472",2018-09-01,14,555
"2473",2018-09-01,17,96
"2474",2018-09-01,18,256
"2475",2018-09-01,19,148
"2476",2018-09-01,20,126
"2477",2018-09-01,22,18
"2478",2018-09-01,23,255
"2479",2018-09-01,24,121
"2480",2018-09-01,25,487
"2481",2018-09-01,26,142
"2482",2018-09-01,28,155
"2483",2018-09-01,30,108
"2484",2018-09-01,32,233
"2485",2018-09-01,33,176
"2486",2018-09-01,34,229
"2487",2018-09-01,40,571
"2488",2018-09-01,41,253
"2489",2018-09-01,42,334
"2490",2018-09-01,43,407
"2491",2018-09-01,44,600
"2492",2018-09-01,45,209
"2493",2018-09-01,46,411
"2494",2018-09-01,47,418
"2495",2018-09-01,48,325
"2496",2018-09-01,49,236
"2497",2018-09-01,50,106
"2498",2018-09-01,52,428
"2499",2018-09-01,60,308
"2500",2018-09-01,61,148
"2501",2018-09-01,62,156
"2502",2018-09-01,63,180
"2503",2018-09-01,66,82
"2504",2018-09-01,67,347
"2505",2018-09-01,68,160
"2506",2018-09-01,69,141
"2507",2018-09-01,70,213
"2508",2018-09-01,71,217
"2509",2018-09-01,72,247
"2510",2018-09-01,73,377
"2511",2018-09-01,75,545
"2512",2018-09-01,76,171
"2513",2018-09-01,77,251
"2514",2018-09-01,78,126
"2515",2018-09-01,79,269
"2516",2018-09-01,81,158
"2517",2018-09-01,83,206
"2518",2018-09-01,84,244
"2519",2018-09-01,88,92
"2520",2018-09-01,90,169
"2521",2018-09-01,94,109
"2522",2018-09-01,100,132
"2523",2018-09-01,101,200
"2524",2018-09-01,102,277
"2525",2018-09-01,103,307
"2526",2018-09-01,104,129
"2527",2018-09-01,105,265
"2528",2018-09-01,106,232
"2529",2018-09-01,107,178
"2530",2018-09-01,108,149
"2531",2018-09-01,109,320
"2532",2018-09-01,110,270
"2533",2018-09-01,111,65
"2534",2018-09-01,112,110
"2535",2018-09-01,113,588
"2536",2018-09-01,114,348
"2537",2018-09-01,115,386
"2538",2018-09-01,120,352
"2539",2018-09-01,121,179
"2540",2018-09-01,122,150
"2541",2018-09-01,123,95
"2542",2018-10-01,1,251
"2543",2018-10-01,5,389
"2544",2018-10-01,6,232
"2545",2018-10-01,7,172
"2546",2018-10-01,9,172
"2547",2018-10-01,10,156
"2548",2018-10-01,13,230
"2549",2018-10-01,14,660
"2550",2018-10-01,17,87
"2551",2018-10-01,18,289
"2552",2018-10-01,19,186
"2553",2018-10-01,20,131
"2554",2018-10-01,22,10
"2555",2018-10-01,23,243
"2556",2018-10-01,24,130
"2557",2018-10-01,25,443
"2558",2018-10-01,26,155
"2559",2018-10-01,28,161
"2560",2018-10-01,30,143
"2561",2018-10-01,32,218
"2562",2018-10-01,33,198
"2563",2018-10-01,34,224
"2564",2018-10-01,40,523
"2565",2018-10-01,41,295
"2566",2018-10-01,42,325
"2567",2018-10-01,43,362
"2568",2018-10-01,44,578
"2569",2018-10-01,45,210
"2570",2018-10-01,46,551
"2571",2018-10-01,47,446
"2572",2018-10-01,48,354
"2573",2018-10-01,49,287
"2574",2018-10-01,50,108
"2575",2018-10-01,52,415
"2576",2018-10-01,60,323
"2577",2018-10-01,61,161
"2578",2018-10-01,62,148
"2579",2018-10-01,63,174
"2580",2018-10-01,66,88
"2581",2018-10-01,67,396
"2582",2018-10-01,68,190
"2583",2018-10-01,69,146
"2584",2018-10-01,70,308
"2585",2018-10-01,71,240
"2586",2018-10-01,72,231
"2587",2018-10-01,73,402
"2588",2018-10-01,75,503
"2589",2018-10-01,76,188
"2590",2018-10-01,77,300
"2591",2018-10-01,78,115
"2592",2018-10-01,79,303
"2593",2018-10-01,81,151
"2594",2018-10-01,83,232
"2595",2018-10-01,84,344
"2596",2018-10-01,88,112
"2597",2018-10-01,90,208
"2598",2018-10-01,94,103
"2599",2018-10-01,100,135
"2600",2018-10-01,101,190
"2601",2018-10-01,102,258
"2602",2018-10-01,103,287
"2603",2018-10-01,104,192
"2604",2018-10-01,105,256
"2605",2018-10-01,106,214
"2606",2018-10-01,107,174
"2607",2018-10-01,108,157
"2608",2018-10-01,109,314
"2609",2018-10-01,110,276
"2610",2018-10-01,111,82
"2611",2018-10-01,112,142
"2612",2018-10-01,113,539
"2613",2018-10-01,114,349
"2614",2018-10-01,115,353
"2615",2018-10-01,120,407
"2616",2018-10-01,121,257
"2617",2018-10-01,122,165
"2618",2018-10-01,123,107
"2619",2018-11-01,1,207
"2620",2018-11-01,5,254
"2621",2018-11-01,6,209
"2622",2018-11-01,7,194
"2623",2018-11-01,9,109
"2624",2018-11-01,10,145
"2625",2018-11-01,13,211
"2626",2018-11-01,14,602
"2627",2018-11-01,17,106
"2628",2018-11-01,18,305
"2629",2018-11-01,19,227
"2630",2018-11-01,20,121
"2631",2018-11-01,22,4
"2632",2018-11-01,23,225
"2633",2018-11-01,24,144
"2634",2018-11-01,25,379
"2635",2018-11-01,26,122
"2636",2018-11-01,28,140
"2637",2018-11-01,30,129
"2638",2018-11-01,32,231
"2639",2018-11-01,33,219
"2640",2018-11-01,34,246
"2641",2018-11-01,40,535
"2642",2018-11-01,41,267
"2643",2018-11-01,42,294
"2644",2018-11-01,43,292
"2645",2018-11-01,44,549
"2646",2018-11-01,45,202
"2647",2018-11-01,46,408
"2648",2018-11-01,47,351
"2649",2018-11-01,48,358
"2650",2018-11-01,49,256
"2651",2018-11-01,50,92
"2652",2018-11-01,52,416
"2653",2018-11-01,60,272
"2654",2018-11-01,61,159
"2655",2018-11-01,62,122
"2656",2018-11-01,63,146
"2657",2018-11-01,66,94
"2658",2018-11-01,67,329
"2659",2018-11-01,68,180
"2660",2018-11-01,69,145
"2661",2018-11-01,70,304
"2662",2018-11-01,71,234
"2663",2018-11-01,72,248
"2664",2018-11-01,73,372
"2665",2018-11-01,75,480
"2666",2018-11-01,76,142
"2667",2018-11-01,77,283
"2668",2018-11-01,78,125
"2669",2018-11-01,79,239
"2670",2018-11-01,81,126
"2671",2018-11-01,83,228
"2672",2018-11-01,84,248
"2673",2018-11-01,88,94
"2674",2018-11-01,90,174
"2675",2018-11-01,94,110
"2676",2018-11-01,100,109
"2677",2018-11-01,101,201
"2678",2018-11-01,102,298
"2679",2018-11-01,103,320
"2680",2018-11-01,104,208
"2681",2018-11-01,105,248
"2682",2018-11-01,106,178
"2683",2018-11-01,107,193
"2684",2018-11-01,108,134
"2685",2018-11-01,109,282
"2686",2018-11-01,110,262
"2687",2018-11-01,111,73
"2688",2018-11-01,112,165
"2689",2018-11-01,113,504
"2690",2018-11-01,114,328
"2691",2018-11-01,115,298
"2692",2018-11-01,120,342
"2693",2018-11-01,121,191
"2694",2018-11-01,122,169
"2695",2018-11-01,123,96
"2696",2018-12-01,1,239
"2697",2018-12-01,5,336
"2698",2018-12-01,6,189
"2699",2018-12-01,7,146
"2700",2018-12-01,9,160
"2701",2018-12-01,10,139
"2702",2018-12-01,13,247
"2703",2018-12-01,14,544
"2704",2018-12-01,17,98
"2705",2018-12-01,18,301
"2706",2018-12-01,19,173
"2707",2018-12-01,20,139
"2708",2018-12-01,22,1
"2709",2018-12-01,23,188
"2710",2018-12-01,24,138
"2711",2018-12-01,25,350
"2712",2018-12-01,26,114
"2713",2018-12-01,28,152
"2714",2018-12-01,30,107
"2715",2018-12-01,32,201
"2716",2018-12-01,33,186
"2717",2018-12-01,34,204
"2718",2018-12-01,40,506
"2719",2018-12-01,41,240
"2720",2018-12-01,42,314
"2721",2018-12-01,43,365
"2722",2018-12-01,44,545
"2723",2018-12-01,45,226
"2724",2018-12-01,46,460
"2725",2018-12-01,47,334
"2726",2018-12-01,48,281
"2727",2018-12-01,49,260
"2728",2018-12-01,50,88
"2729",2018-12-01,52,425
"2730",2018-12-01,60,214
"2731",2018-12-01,61,152
"2732",2018-12-01,62,104
"2733",2018-12-01,63,154
"2734",2018-12-01,66,89
"2735",2018-12-01,67,301
"2736",2018-12-01,68,171
"2737",2018-12-01,69,149
"2738",2018-12-01,70,312
"2739",2018-12-01,71,222
"2740",2018-12-01,72,255
"2741",2018-12-01,73,408
"2742",2018-12-01,75,437
"2743",2018-12-01,76,134
"2744",2018-12-01,77,222
"2745",2018-12-01,78,109
"2746",2018-12-01,79,204
"2747",2018-12-01,81,138
"2748",2018-12-01,83,233
"2749",2018-12-01,84,249
"2750",2018-12-01,88,109
"2751",2018-12-01,90,199
"2752",2018-12-01,94,93
"2753",2018-12-01,100,96
"2754",2018-12-01,101,191
"2755",2018-12-01,102,221
"2756",2018-12-01,103,296
"2757",2018-12-01,104,168
"2758",2018-12-01,105,232
"2759",2018-12-01,106,194
"2760",2018-12-01,107,156
"2761",2018-12-01,108,151
"2762",2018-12-01,109,329
"2763",2018-12-01,110,228
"2764",2018-12-01,111,74
"2765",2018-12-01,112,165
"2766",2018-12-01,113,511
"2767",2018-12-01,114,304
"2768",2018-12-01,115,289
"2769",2018-12-01,120,277
"2770",2018-12-01,121,204
"2771",2018-12-01,122,148
"2772",2018-12-01,123,113
"2773",2019-01-01,1,242
"2774",2019-01-01,5,323
"2775",2019-01-01,6,184
"2776",2019-01-01,7,233
"2777",2019-01-01,9,172
"2778",2019-01-01,10,194
"2779",2019-01-01,13,306
"2780",2019-01-01,14,632
"2781",2019-01-01,17,126
"2782",2019-01-01,18,284
"2783",2019-01-01,19,201
"2784",2019-01-01,20,111
"2785",2019-01-01,22,6
"2786",2019-01-01,23,240
"2787",2019-01-01,24,140
"2788",2019-01-01,25,465
"2789",2019-01-01,26,107
"2790",2019-01-01,28,176
"2791",2019-01-01,30,147
"2792",2019-01-01,32,245
"2793",2019-01-01,33,216
"2794",2019-01-01,34,257
"2795",2019-01-01,40,678
"2796",2019-01-01,41,313
"2797",2019-01-01,42,370
"2798",2019-01-01,43,401
"2799",2019-01-01,44,637
"2800",2019-01-01,45,190
"2801",2019-01-01,46,479
"2802",2019-01-01,47,457
"2803",2019-01-01,48,312
"2804",2019-01-01,49,293
"2805",2019-01-01,50,131
"2806",2019-01-01,52,443
"2807",2019-01-01,60,302
"2808",2019-01-01,61,178
"2809",2019-01-01,62,169
"2810",2019-01-01,63,180
"2811",2019-01-01,66,109
"2812",2019-01-01,67,412
"2813",2019-01-01,68,191
"2814",2019-01-01,69,140
"2815",2019-01-01,70,300
"2816",2019-01-01,71,270
"2817",2019-01-01,72,266
"2818",2019-01-01,73,462
"2819",2019-01-01,75,485
"2820",2019-01-01,76,168
"2821",2019-01-01,77,283
"2822",2019-01-01,78,138
"2823",2019-01-01,79,252
"2824",2019-01-01,81,198
"2825",2019-01-01,83,279
"2826",2019-01-01,84,304
"2827",2019-01-01,88,118
"2828",2019-01-01,90,200
"2829",2019-01-01,94,93
"2830",2019-01-01,100,133
"2831",2019-01-01,101,197
"2832",2019-01-01,102,255
"2833",2019-01-01,103,363
"2834",2019-01-01,104,213
"2835",2019-01-01,105,252
"2836",2019-01-01,106,176
"2837",2019-01-01,107,132
"2838",2019-01-01,108,157
"2839",2019-01-01,109,340
"2840",2019-01-01,110,269
"2841",2019-01-01,111,69
"2842",2019-01-01,112,162
"2843",2019-01-01,113,554
"2844",2019-01-01,114,367
"2845",2019-01-01,115,344
"2846",2019-01-01,120,413
"2847",2019-01-01,121,234
"2848",2019-01-01,122,154
"2849",2019-01-01,123,99
"2850",2019-02-01,1,167
"2851",2019-02-01,5,363
"2852",2019-02-01,6,121
"2853",2019-02-01,7,175
"2854",2019-02-01,9,124
"2855",2019-02-01,10,114
"2856",2019-02-01,13,247
"2857",2019-02-01,14,567
"2858",2019-02-01,17,109
"2859",2019-02-01,18,237
"2860",2019-02-01,19,208
"2861",2019-02-01,20,131
"2862",2019-02-01,22,7
"2863",2019-02-01,23,208
"2864",2019-02-01,24,106
"2865",2019-02-01,25,413
"2866",2019-02-01,26,132
"2867",2019-02-01,28,195
"2868",2019-02-01,30,121
"2869",2019-02-01,32,215
"2870",2019-02-01,33,201
"2871",2019-02-01,34,224
"2872",2019-02-01,40,572
"2873",2019-02-01,41,265
"2874",2019-02-01,42,336
"2875",2019-02-01,43,355
"2876",2019-02-01,44,576
"2877",2019-02-01,45,191
"2878",2019-02-01,46,413
"2879",2019-02-01,47,402
"2880",2019-02-01,48,311
"2881",2019-02-01,49,230
"2882",2019-02-01,50,84
"2883",2019-02-01,52,453
"2884",2019-02-01,60,231
"2885",2019-02-01,61,140
"2886",2019-02-01,62,166
"2887",2019-02-01,63,151
"2888",2019-02-01,66,70
"2889",2019-02-01,67,386
"2890",2019-02-01,68,190
"2891",2019-02-01,69,126
"2892",2019-02-01,70,274
"2893",2019-02-01,71,192
"2894",2019-02-01,72,251
"2895",2019-02-01,73,384
"2896",2019-02-01,75,490
"2897",2019-02-01,76,160
"2898",2019-02-01,77,223
"2899",2019-02-01,78,119
"2900",2019-02-01,79,213
"2901",2019-02-01,81,155
"2902",2019-02-01,83,261
"2903",2019-02-01,84,239
"2904",2019-02-01,88,88
"2905",2019-02-01,90,208
"2906",2019-02-01,94,82
"2907",2019-02-01,100,96
"2908",2019-02-01,101,153
"2909",2019-02-01,102,163
"2910",2019-02-01,103,353
"2911",2019-02-01,104,168
"2912",2019-02-01,105,217
"2913",2019-02-01,106,188
"2914",2019-02-01,107,166
"2915",2019-02-01,108,158
"2916",2019-02-01,109,300
"2917",2019-02-01,110,242
"2918",2019-02-01,111,75
"2919",2019-02-01,112,136
"2920",2019-02-01,113,472
"2921",2019-02-01,114,265
"2922",2019-02-01,115,377
"2923",2019-02-01,120,351
"2924",2019-02-01,121,197
"2925",2019-02-01,122,155
"2926",2019-02-01,123,88
"2927",2019-03-01,1,205
"2928",2019-03-01,5,294
"2929",2019-03-01,6,132
"2930",2019-03-01,7,212
"2931",2019-03-01,9,177
"2932",2019-03-01,10,151
"2933",2019-03-01,13,258
"2934",2019-03-01,14,520
"2935",2019-03-01,17,118
"2936",2019-03-01,18,259
"2937",2019-03-01,19,187
"2938",2019-03-01,20,136
"2939",2019-03-01,22,4
"2940",2019-03-01,23,288
"2941",2019-03-01,24,119
"2942",2019-03-01,25,449
"2943",2019-03-01,26,137
"2944",2019-03-01,28,176
"2945",2019-03-01,30,129
"2946",2019-03-01,32,273
"2947",2019-03-01,33,161
"2948",2019-03-01,34,213
"2949",2019-03-01,40,597
"2950",2019-03-01,41,311
"2951",2019-03-01,42,341
"2952",2019-03-01,43,344
"2953",2019-03-01,44,662
"2954",2019-03-01,45,197
"2955",2019-03-01,46,477
"2956",2019-03-01,47,415
"2957",2019-03-01,48,325
"2958",2019-03-01,49,272
"2959",2019-03-01,50,136
"2960",2019-03-01,52,441
"2961",2019-03-01,60,262
"2962",2019-03-01,61,185
"2963",2019-03-01,62,169
"2964",2019-03-01,63,154
"2965",2019-03-01,66,147
"2966",2019-03-01,67,392
"2967",2019-03-01,68,240
"2968",2019-03-01,69,128
"2969",2019-03-01,70,276
"2970",2019-03-01,71,227
"2971",2019-03-01,72,298
"2972",2019-03-01,73,376
"2973",2019-03-01,75,523
"2974",2019-03-01,76,173
"2975",2019-03-01,77,267
"2976",2019-03-01,78,126
"2977",2019-03-01,79,288
"2978",2019-03-01,81,195
"2979",2019-03-01,83,260
"2980",2019-03-01,84,388
"2981",2019-03-01,88,129
"2982",2019-03-01,90,225
"2983",2019-03-01,94,85
"2984",2019-03-01,100,137
"2985",2019-03-01,101,189
"2986",2019-03-01,102,234
"2987",2019-03-01,103,383
"2988",2019-03-01,104,159
"2989",2019-03-01,105,257
"2990",2019-03-01,106,213
"2991",2019-03-01,107,190
"2992",2019-03-01,108,170
"2993",2019-03-01,109,296
"2994",2019-03-01,110,313
"2995",2019-03-01,111,83
"2996",2019-03-01,112,174
"2997",2019-03-01,113,631
"2998",2019-03-01,114,386
"2999",2019-03-01,115,373
"3000",2019-03-01,120,363
"3001",2019-03-01,121,204
"3002",2019-03-01,122,189
"3003",2019-03-01,123,99
"3004",2019-04-01,1,279
"3005",2019-04-01,5,390
"3006",2019-04-01,6,169
"3007",2019-04-01,7,199
"3008",2019-04-01,9,186
"3009",2019-04-01,10,174
"3010",2019-04-01,13,245
"3011",2019-04-01,14,576
"3012",2019-04-01,17,129
"3013",2019-04-01,18,258
"3014",2019-04-01,19,185
"3015",2019-04-01,20,130
"3016",2019-04-01,22,11
"3017",2019-04-01,23,250
"3018",2019-04-01,24,156
"3019",2019-04-01,25,454
"3020",2019-04-01,26,197
"3021",2019-04-01,28,216
"3022",2019-04-01,30,105
"3023",2019-04-01,32,302
"3024",2019-04-01,33,202
"3025",2019-04-01,34,187
"3026",2019-04-01,40,651
"3027",2019-04-01,41,301
"3028",2019-04-01,42,293
"3029",2019-04-01,43,341
"3030",2019-04-01,44,543
"3031",2019-04-01,45,177
"3032",2019-04-01,46,417
"3033",2019-04-01,47,426
"3034",2019-04-01,48,298
"3035",2019-04-01,49,268
"3036",2019-04-01,50,96
"3037",2019-04-01,52,431
"3038",2019-04-01,60,257
"3039",2019-04-01,61,172
"3040",2019-04-01,62,165
"3041",2019-04-01,63,204
"3042",2019-04-01,66,110
"3043",2019-04-01,67,333
"3044",2019-04-01,68,204
"3045",2019-04-01,69,127
"3046",2019-04-01,70,278
"3047",2019-04-01,71,257
"3048",2019-04-01,72,288
"3049",2019-04-01,73,381
"3050",2019-04-01,75,477
"3051",2019-04-01,76,159
"3052",2019-04-01,77,260
"3053",2019-04-01,78,95
"3054",2019-04-01,79,279
"3055",2019-04-01,81,159
"3056",2019-04-01,83,252
"3057",2019-04-01,84,284
"3058",2019-04-01,88,96
"3059",2019-04-01,90,199
"3060",2019-04-01,94,111
"3061",2019-04-01,100,121
"3062",2019-04-01,101,186
"3063",2019-04-01,102,251
"3064",2019-04-01,103,339
"3065",2019-04-01,104,177
"3066",2019-04-01,105,269
"3067",2019-04-01,106,235
"3068",2019-04-01,107,176
"3069",2019-04-01,108,190
"3070",2019-04-01,109,312
"3071",2019-04-01,110,306
"3072",2019-04-01,111,98
"3073",2019-04-01,112,167
"3074",2019-04-01,113,573
"3075",2019-04-01,114,329
"3076",2019-04-01,115,308
"3077",2019-04-01,120,348
"3078",2019-04-01,121,193
"3079",2019-04-01,122,156
"3080",2019-04-01,123,74
"3081",2019-05-01,1,175
"3082",2019-05-01,5,341
"3083",2019-05-01,6,177
"3084",2019-05-01,7,186
"3085",2019-05-01,9,196
"3086",2019-05-01,10,134
"3087",2019-05-01,13,292
"3088",2019-05-01,14,507
"3089",2019-05-01,17,101
"3090",2019-05-01,18,289
"3091",2019-05-01,19,224
"3092",2019-05-01,20,139
"3093",2019-05-01,22,11
"3094",2019-05-01,23,267
"3095",2019-05-01,24,99
"3096",2019-05-01,25,458
"3097",2019-05-01,26,170
"3098",2019-05-01,28,213
"3099",2019-05-01,30,148
"3100",2019-05-01,32,265
"3101",2019-05-01,33,190
"3102",2019-05-01,34,220
"3103",2019-05-01,40,610
"3104",2019-05-01,41,272
"3105",2019-05-01,42,294
"3106",2019-05-01,43,364
"3107",2019-05-01,44,661
"3108",2019-05-01,45,190
"3109",2019-05-01,46,419
"3110",2019-05-01,47,412
"3111",2019-05-01,48,314
"3112",2019-05-01,49,277
"3113",2019-05-01,50,140
"3114",2019-05-01,52,446
"3115",2019-05-01,60,308
"3116",2019-05-01,61,174
"3117",2019-05-01,62,174
"3118",2019-05-01,63,173
"3119",2019-05-01,66,129
"3120",2019-05-01,67,399
"3121",2019-05-01,68,173
"3122",2019-05-01,69,157
"3123",2019-05-01,70,283
"3124",2019-05-01,71,238
"3125",2019-05-01,72,285
"3126",2019-05-01,73,417
"3127",2019-05-01,75,543
"3128",2019-05-01,76,153
"3129",2019-05-01,77,276
"3130",2019-05-01,78,118
"3131",2019-05-01,79,306
"3132",2019-05-01,81,169
"3133",2019-05-01,83,242
"3134",2019-05-01,84,238
"3135",2019-05-01,88,99
"3136",2019-05-01,90,228
"3137",2019-05-01,94,108
"3138",2019-05-01,100,134
"3139",2019-05-01,101,202
"3140",2019-05-01,102,285
"3141",2019-05-01,103,368
"3142",2019-05-01,104,183
"3143",2019-05-01,105,263
"3144",2019-05-01,106,253
"3145",2019-05-01,107,186
"3146",2019-05-01,108,159
"3147",2019-05-01,109,358
"3148",2019-05-01,110,290
"3149",2019-05-01,111,75
"3150",2019-05-01,112,157
"3151",2019-05-01,113,546
"3152",2019-05-01,114,355
"3153",2019-05-01,115,357
"3154",2019-05-01,120,306
"3155",2019-05-01,121,222
"3156",2019-05-01,122,179
"3157",2019-05-01,123,84
"3158",2019-06-01,1,223
"3159",2019-06-01,5,342
"3160",2019-06-01,6,185
"3161",2019-06-01,7,138
"3162",2019-06-01,9,163
"3163",2019-06-01,10,144
"3164",2019-06-01,13,234
"3165",2019-06-01,14,513
"3166",2019-06-01,17,104
"3167",2019-06-01,18,254
"3168",2019-06-01,19,222
"3169",2019-06-01,20,130
"3170",2019-06-01,22,7
"3171",2019-06-01,23,232
"3172",2019-06-01,24,99
"3173",2019-06-01,25,339
"3174",2019-06-01,26,112
"3175",2019-06-01,28,177
"3176",2019-06-01,30,133
"3177",2019-06-01,32,223
"3178",2019-06-01,33,210
"3179",2019-06-01,34,213
"3180",2019-06-01,40,539
"3181",2019-06-01,41,235
"3182",2019-06-01,42,323
"3183",2019-06-01,43,332
"3184",2019-06-01,44,517
"3185",2019-06-01,45,193
"3186",2019-06-01,46,359
"3187",2019-06-01,47,348
"3188",2019-06-01,48,261
"3189",2019-06-01,49,199
"3190",2019-06-01,50,127
"3191",2019-06-01,52,381
"3192",2019-06-01,60,335
"3193",2019-06-01,61,164
"3194",2019-06-01,62,133
"3195",2019-06-01,63,123
"3196",2019-06-01,66,87
"3197",2019-06-01,67,300
"3198",2019-06-01,68,147
"3199",2019-06-01,69,131
"3200",2019-06-01,70,213
"3201",2019-06-01,71,202
"3202",2019-06-01,72,277
"3203",2019-06-01,73,314
"3204",2019-06-01,75,532
"3205",2019-06-01,76,151
"3206",2019-06-01,77,261
"3207",2019-06-01,78,129
"3208",2019-06-01,79,302
"3209",2019-06-01,81,135
"3210",2019-06-01,83,206
"3211",2019-06-01,84,235
"3212",2019-06-01,88,117
"3213",2019-06-01,90,210
"3214",2019-06-01,94,77
"3215",2019-06-01,100,118
"3216",2019-06-01,101,166
"3217",2019-06-01,102,232
"3218",2019-06-01,103,361
"3219",2019-06-01,104,195
"3220",2019-06-01,105,217
"3221",2019-06-01,106,198
"3222",2019-06-01,107,173
"3223",2019-06-01,108,154
"3224",2019-06-01,109,288
"3225",2019-06-01,110,279
"3226",2019-06-01,111,94
"3227",2019-06-01,112,144
"3228",2019-06-01,113,438
"3229",2019-06-01,114,318
"3230",2019-06-01,115,308
"3231",2019-06-01,120,305
"3232",2019-06-01,121,180
"3233",2019-06-01,122,168
"3234",2019-06-01,123,116
"3235",2019-07-01,1,212
"3236",2019-07-01,5,357
"3237",2019-07-01,6,223
"3238",2019-07-01,7,185
"3239",2019-07-01,9,158
"3240",2019-07-01,10,147
"3241",2019-07-01,13,222
"3242",2019-07-01,14,504
"3243",2019-07-01,17,122
"3244",2019-07-01,18,259
"3245",2019-07-01,19,215
"3246",2019-07-01,20,118
"3247",2019-07-01,22,15
"3248",2019-07-01,23,248
"3249",2019-07-01,24,144
"3250",2019-07-01,25,414
"3251",2019-07-01,26,169
"3252",2019-07-01,28,191
"3253",2019-07-01,30,152
"3254",2019-07-01,32,275
"3255",2019-07-01,33,203
"3256",2019-07-01,34,254
"3257",2019-07-01,40,663
"3258",2019-07-01,41,257
"3259",2019-07-01,42,388
"3260",2019-07-01,43,377
"3261",2019-07-01,44,588
"3262",2019-07-01,45,231
"3263",2019-07-01,46,429
"3264",2019-07-01,47,396
"3265",2019-07-01,48,341
"3266",2019-07-01,49,240
"3267",2019-07-01,50,126
"3268",2019-07-01,52,457
"3269",2019-07-01,60,361
"3270",2019-07-01,61,199
"3271",2019-07-01,62,133
"3272",2019-07-01,63,195
"3273",2019-07-01,66,92
"3274",2019-07-01,67,376
"3275",2019-07-01,68,178
"3276",2019-07-01,69,132
"3277",2019-07-01,70,273
"3278",2019-07-01,71,222
"3279",2019-07-01,72,270
"3280",2019-07-01,73,394
"3281",2019-07-01,75,554
"3282",2019-07-01,76,163
"3283",2019-07-01,77,270
"3284",2019-07-01,78,115
"3285",2019-07-01,79,262
"3286",2019-07-01,81,176
"3287",2019-07-01,83,207
"3288",2019-07-01,84,280
"3289",2019-07-01,88,100
"3290",2019-07-01,90,226
"3291",2019-07-01,94,92
"3292",2019-07-01,100,140
"3293",2019-07-01,101,230
"3294",2019-07-01,102,274
"3295",2019-07-01,103,412
"3296",2019-07-01,104,218
"3297",2019-07-01,105,245
"3298",2019-07-01,106,215
"3299",2019-07-01,107,190
"3300",2019-07-01,108,151
"3301",2019-07-01,109,307
"3302",2019-07-01,110,300
"3303",2019-07-01,111,81
"3304",2019-07-01,112,126
"3305",2019-07-01,113,571
"3306",2019-07-01,114,307
"3307",2019-07-01,115,403
"3308",2019-07-01,120,353
"3309",2019-07-01,121,246
"3310",2019-07-01,122,181
"3311",2019-07-01,123,77
"3312",2019-08-01,1,215
"3313",2019-08-01,5,318
"3314",2019-08-01,6,222
"3315",2019-08-01,7,198
"3316",2019-08-01,9,173
"3317",2019-08-01,10,240
"3318",2019-08-01,13,227
"3319",2019-08-01,14,460
"3320",2019-08-01,17,137
"3321",2019-08-01,18,261
"3322",2019-08-01,19,199
"3323",2019-08-01,20,110
"3324",2019-08-01,22,5
"3325",2019-08-01,23,245
"3326",2019-08-01,24,112
"3327",2019-08-01,25,403
"3328",2019-08-01,26,113
"3329",2019-08-01,28,157
"3330",2019-08-01,30,124
"3331",2019-08-01,32,235
"3332",2019-08-01,33,189
"3333",2019-08-01,34,217
"3334",2019-08-01,40,620
"3335",2019-08-01,41,261
"3336",2019-08-01,42,309
"3337",2019-08-01,43,331
"3338",2019-08-01,44,468
"3339",2019-08-01,45,192
"3340",2019-08-01,46,389
"3341",2019-08-01,47,441
"3342",2019-08-01,48,327
"3343",2019-08-01,49,231
"3344",2019-08-01,50,103
"3345",2019-08-01,52,455
"3346",2019-08-01,60,269
"3347",2019-08-01,61,160
"3348",2019-08-01,62,145
"3349",2019-08-01,63,141
"3350",2019-08-01,66,109
"3351",2019-08-01,67,335
"3352",2019-08-01,68,135
"3353",2019-08-01,69,148
"3354",2019-08-01,70,215
"3355",2019-08-01,71,234
"3356",2019-08-01,72,350
"3357",2019-08-01,73,404
"3358",2019-08-01,75,544
"3359",2019-08-01,76,131
"3360",2019-08-01,77,220
"3361",2019-08-01,78,123
"3362",2019-08-01,79,268
"3363",2019-08-01,81,168
"3364",2019-08-01,83,217
"3365",2019-08-01,84,212
"3366",2019-08-01,88,125
"3367",2019-08-01,90,225
"3368",2019-08-01,94,69
"3369",2019-08-01,100,133
"3370",2019-08-01,101,192
"3371",2019-08-01,102,240
"3372",2019-08-01,103,320
"3373",2019-08-01,104,218
"3374",2019-08-01,105,239
"3375",2019-08-01,106,196
"3376",2019-08-01,107,170
"3377",2019-08-01,108,168
"3378",2019-08-01,109,284
"3379",2019-08-01,110,273
"3380",2019-08-01,111,81
"3381",2019-08-01,112,90
"3382",2019-08-01,113,472
"3383",2019-08-01,114,289
"3384",2019-08-01,115,380
"3385",2019-08-01,120,263
"3386",2019-08-01,121,225
"3387",2019-08-01,122,152
"3388",2019-08-01,123,64
"3389",2019-09-01,1,262
"3390",2019-09-01,5,329
"3391",2019-09-01,6,233
"3392",2019-09-01,7,149
"3393",2019-09-01,9,158
"3394",2019-09-01,10,154
"3395",2019-09-01,13,213
"3396",2019-09-01,14,403
"3397",2019-09-01,17,77
"3398",2019-09-01,18,302
"3399",2019-09-01,19,201
"3400",2019-09-01,20,116
"3401",2019-09-01,22,12
"3402",2019-09-01,23,198
"3403",2019-09-01,24,106
"3404",2019-09-01,25,372
"3405",2019-09-01,26,121
"3406",2019-09-01,28,163
"3407",2019-09-01,30,108
"3408",2019-09-01,32,245
"3409",2019-09-01,33,153
"3410",2019-09-01,34,162
"3411",2019-09-01,40,555
"3412",2019-09-01,41,272
"3413",2019-09-01,42,259
"3414",2019-09-01,43,307
"3415",2019-09-01,44,442
"3416",2019-09-01,45,185
"3417",2019-09-01,46,348
"3418",2019-09-01,47,377
"3419",2019-09-01,48,298
"3420",2019-09-01,49,230
"3421",2019-09-01,50,100
"3422",2019-09-01,52,450
"3423",2019-09-01,60,226
"3424",2019-09-01,61,176
"3425",2019-09-01,62,115
"3426",2019-09-01,63,103
"3427",2019-09-01,66,122
"3428",2019-09-01,67,333
"3429",2019-09-01,68,177
"3430",2019-09-01,69,118
"3431",2019-09-01,70,232
"3432",2019-09-01,71,165
"3433",2019-09-01,72,218
"3434",2019-09-01,73,318
"3435",2019-09-01,75,530
"3436",2019-09-01,76,125
"3437",2019-09-01,77,219
"3438",2019-09-01,78,94
"3439",2019-09-01,79,240
"3440",2019-09-01,81,154
"3441",2019-09-01,83,235
"3442",2019-09-01,84,235
"3443",2019-09-01,88,99
"3444",2019-09-01,90,187
"3445",2019-09-01,94,77
"3446",2019-09-01,100,105
"3447",2019-09-01,101,161
"3448",2019-09-01,102,231
"3449",2019-09-01,103,286
"3450",2019-09-01,104,174
"3451",2019-09-01,105,179
"3452",2019-09-01,106,175
"3453",2019-09-01,107,169
"3454",2019-09-01,108,128
"3455",2019-09-01,109,282
"3456",2019-09-01,110,248
"3457",2019-09-01,111,86
"3458",2019-09-01,112,119
"3459",2019-09-01,113,476
"3460",2019-09-01,114,239
"3461",2019-09-01,115,321
"3462",2019-09-01,120,261
"3463",2019-09-01,121,227
"3464",2019-09-01,122,141
"3465",2019-09-01,123,90
"3466",2019-10-01,1,304
"3467",2019-10-01,5,356
"3468",2019-10-01,6,229
"3469",2019-10-01,7,137
"3470",2019-10-01,9,149
"3471",2019-10-01,10,161
"3472",2019-10-01,13,198
"3473",2019-10-01,14,558
"3474",2019-10-01,17,115
"3475",2019-10-01,18,200
"3476",2019-10-01,19,274
"3477",2019-10-01,20,143
"3478",2019-10-01,22,6
"3479",2019-10-01,23,242
"3480",2019-10-01,24,113
"3481",2019-10-01,25,379
"3482",2019-10-01,26,145
"3483",2019-10-01,28,164
"3484",2019-10-01,30,123
"3485",2019-10-01,32,249
"3486",2019-10-01,33,182
"3487",2019-10-01,34,186
"3488",2019-10-01,40,595
"3489",2019-10-01,41,240
"3490",2019-10-01,42,281
"3491",2019-10-01,43,302
"3492",2019-10-01,44,563
"3493",2019-10-01,45,182
"3494",2019-10-01,46,373
"3495",2019-10-01,47,341
"3496",2019-10-01,48,287
"3497",2019-10-01,49,210
"3498",2019-10-01,50,99
"3499",2019-10-01,52,403
"3500",2019-10-01,60,213
"3501",2019-10-01,61,176
"3502",2019-10-01,62,188
"3503",2019-10-01,63,119
"3504",2019-10-01,66,90
"3505",2019-10-01,67,282
"3506",2019-10-01,68,163
"3507",2019-10-01,69,111
"3508",2019-10-01,70,232
"3509",2019-10-01,71,188
"3510",2019-10-01,72,234
"3511",2019-10-01,73,371
"3512",2019-10-01,75,520
"3513",2019-10-01,76,139
"3514",2019-10-01,77,269
"3515",2019-10-01,78,96
"3516",2019-10-01,79,276
"3517",2019-10-01,81,153
"3518",2019-10-01,83,231
"3519",2019-10-01,84,241
"3520",2019-10-01,88,98
"3521",2019-10-01,90,243
"3522",2019-10-01,94,73
"3523",2019-10-01,100,92
"3524",2019-10-01,101,156
"3525",2019-10-01,102,252
"3526",2019-10-01,103,308
"3527",2019-10-01,104,209
"3528",2019-10-01,105,201
"3529",2019-10-01,106,206
"3530",2019-10-01,107,171
"3531",2019-10-01,108,120
"3532",2019-10-01,109,264
"3533",2019-10-01,110,295
"3534",2019-10-01,111,59
"3535",2019-10-01,112,177
"3536",2019-10-01,113,467
"3537",2019-10-01,114,298
"3538",2019-10-01,115,334
"3539",2019-10-01,120,273
"3540",2019-10-01,121,195
"3541",2019-10-01,122,140
"3542",2019-10-01,123,57
"3543",2019-11-01,1,175
"3544",2019-11-01,5,344
"3545",2019-11-01,6,181
"3546",2019-11-01,7,149
"3547",2019-11-01,9,139
"3548",2019-11-01,10,135
"3549",2019-11-01,13,169
"3550",2019-11-01,14,399
"3551",2019-11-01,17,111
"3552",2019-11-01,18,227
"3553",2019-11-01,19,207
"3554",2019-11-01,20,81
"3555",2019-11-01,22,3
"3556",2019-11-01,23,203
"3557",2019-11-01,24,110
"3558",2019-11-01,25,304
"3559",2019-11-01,26,91
"3560",2019-11-01,28,150
"3561",2019-11-01,30,142
"3562",2019-11-01,32,235
"3563",2019-11-01,33,177
"3564",2019-11-01,34,164
"3565",2019-11-01,40,531
"3566",2019-11-01,41,239
"3567",2019-11-01,42,301
"3568",2019-11-01,43,301
"3569",2019-11-01,44,451
"3570",2019-11-01,45,156
"3571",2019-11-01,46,347
"3572",2019-11-01,47,291
"3573",2019-11-01,48,266
"3574",2019-11-01,49,183
"3575",2019-11-01,50,122
"3576",2019-11-01,52,418
"3577",2019-11-01,60,208
"3578",2019-11-01,61,164
"3579",2019-11-01,62,121
"3580",2019-11-01,63,108
"3581",2019-11-01,66,96
"3582",2019-11-01,67,272
"3583",2019-11-01,68,143
"3584",2019-11-01,69,96
"3585",2019-11-01,70,236
"3586",2019-11-01,71,187
"3587",2019-11-01,72,221
"3588",2019-11-01,73,342
"3589",2019-11-01,75,468
"3590",2019-11-01,76,87
"3591",2019-11-01,77,221
"3592",2019-11-01,78,95
"3593",2019-11-01,79,208
"3594",2019-11-01,81,122
"3595",2019-11-01,83,181
"3596",2019-11-01,84,207
"3597",2019-11-01,88,116
"3598",2019-11-01,90,187
"3599",2019-11-01,94,63
"3600",2019-11-01,100,79
"3601",2019-11-01,101,135
"3602",2019-11-01,102,243
"3603",2019-11-01,103,287
"3604",2019-11-01,104,159
"3605",2019-11-01,105,199
"3606",2019-11-01,106,187
"3607",2019-11-01,107,128
"3608",2019-11-01,108,120
"3609",2019-11-01,109,226
"3610",2019-11-01,110,260
"3611",2019-11-01,111,84
"3612",2019-11-01,112,128
"3613",2019-11-01,113,471
"3614",2019-11-01,114,225
"3615",2019-11-01,115,330
"3616",2019-11-01,120,231
"3617",2019-11-01,121,210
"3618",2019-11-01,122,124
"3619",2019-11-01,123,69
"3620",2019-12-01,1,228
"3621",2019-12-01,5,309
"3622",2019-12-01,6,155
"3623",2019-12-01,7,127
"3624",2019-12-01,9,108
"3625",2019-12-01,10,142
"3626",2019-12-01,13,193
"3627",2019-12-01,14,412
"3628",2019-12-01,17,62
"3629",2019-12-01,18,278
"3630",2019-12-01,19,145
"3631",2019-12-01,20,94
"3632",2019-12-01,22,1
"3633",2019-12-01,23,199
"3634",2019-12-01,24,103
"3635",2019-12-01,25,243
"3636",2019-12-01,26,111
"3637",2019-12-01,28,131
"3638",2019-12-01,30,84
"3639",2019-12-01,32,217
"3640",2019-12-01,33,125
"3641",2019-12-01,34,138
"3642",2019-12-01,40,487
"3643",2019-12-01,41,189
"3644",2019-12-01,42,208
"3645",2019-12-01,43,252
"3646",2019-12-01,44,357
"3647",2019-12-01,45,151
"3648",2019-12-01,46,274
"3649",2019-12-01,47,260
"3650",2019-12-01,48,211
"3651",2019-12-01,49,166
"3652",2019-12-01,50,116
"3653",2019-12-01,52,353
"3654",2019-12-01,60,222
"3655",2019-12-01,61,144
"3656",2019-12-01,62,123
"3657",2019-12-01,63,121
"3658",2019-12-01,66,91
"3659",2019-12-01,67,218
"3660",2019-12-01,68,119
"3661",2019-12-01,69,111
"3662",2019-12-01,70,208
"3663",2019-12-01,71,192
"3664",2019-12-01,72,193
"3665",2019-12-01,73,246
"3666",2019-12-01,75,358
"3667",2019-12-01,76,73
"3668",2019-12-01,77,209
"3669",2019-12-01,78,72
"3670",2019-12-01,79,167
"3671",2019-12-01,81,109
"3672",2019-12-01,83,172
"3673",2019-12-01,84,186
"3674",2019-12-01,88,98
"3675",2019-12-01,90,115
"3676",2019-12-01,94,43
"3677",2019-12-01,100,70
"3678",2019-12-01,101,167
"3679",2019-12-01,102,154
"3680",2019-12-01,103,270
"3681",2019-12-01,104,165
"3682",2019-12-01,105,172
"3683",2019-12-01,106,177
"3684",2019-12-01,107,157
"3685",2019-12-01,108,109
"3686",2019-12-01,109,239
"3687",2019-12-01,110,208
"3688",2019-12-01,111,60
"3689",2019-12-01,112,73
"3690",2019-12-01,113,365
"3691",2019-12-01,114,188
"3692",2019-12-01,115,268
"3693",2019-12-01,120,237
"3694",2019-12-01,121,187
"3695",2019-12-01,122,94
"3696",2019-12-01,123,58
