"date","precinct","arrests"
2016-01-01,1,313
2016-01-01,5,501
2016-01-01,6,291
2016-01-01,7,262
2016-01-01,9,317
2016-01-01,10,315
2016-01-01,13,481
2016-01-01,14,1138
2016-01-01,17,141
2016-01-01,18,464
2016-01-01,19,250
2016-01-01,20,145
2016-01-01,22,15
2016-01-01,23,450
2016-01-01,24,248
2016-01-01,25,568
2016-01-01,26,183
2016-01-01,28,328
2016-01-01,30,305
2016-01-01,32,438
2016-01-01,33,297
2016-01-01,34,341
2016-01-01,40,1017
2016-01-01,41,585
2016-01-01,42,509
2016-01-01,43,442
2016-01-01,44,763
2016-01-01,45,259
2016-01-01,46,508
2016-01-01,47,506
2016-01-01,48,502
2016-01-01,49,320
2016-01-01,50,151
2016-01-01,52,587
2016-01-01,60,351
2016-01-01,61,251
2016-01-01,62,217
2016-01-01,63,183
2016-01-01,66,175
2016-01-01,67,476
2016-01-01,68,199
2016-01-01,69,246
2016-01-01,70,357
2016-01-01,71,407
2016-01-01,72,232
2016-01-01,73,627
2016-01-01,75,758
2016-01-01,76,169
2016-01-01,77,365
2016-01-01,78,194
2016-01-01,79,453
2016-01-01,81,395
2016-01-01,83,347
2016-01-01,84,397
2016-01-01,88,194
2016-01-01,90,303
2016-01-01,94,140
2016-01-01,100,153
2016-01-01,101,232
2016-01-01,102,309
2016-01-01,103,685
2016-01-01,104,234
2016-01-01,105,275
2016-01-01,106,302
2016-01-01,107,225
2016-01-01,108,194
2016-01-01,109,332
2016-01-01,110,362
2016-01-01,111,149
2016-01-01,112,167
2016-01-01,113,547
2016-01-01,114,455
2016-01-01,115,388
2016-01-01,120,373
2016-01-01,121,337
2016-01-01,122,136
2016-01-01,123,112
2016-02-01,1,309
2016-02-01,5,462
2016-02-01,6,275
2016-02-01,7,207
2016-02-01,9,285
2016-02-01,10,275
2016-02-01,13,466
2016-02-01,14,1188
2016-02-01,17,125
2016-02-01,18,376
2016-02-01,19,270
2016-02-01,20,140
2016-02-01,22,18
2016-02-01,23,414
2016-02-01,24,241
2016-02-01,25,595
2016-02-01,26,225
2016-02-01,28,359
2016-02-01,30,282
2016-02-01,32,423
2016-02-01,33,358
2016-02-01,34,366
2016-02-01,40,886
2016-02-01,41,521
2016-02-01,42,487
2016-02-01,43,472
2016-02-01,44,742
2016-02-01,45,243
2016-02-01,46,439
2016-02-01,47,478
2016-02-01,48,512
2016-02-01,49,305
2016-02-01,50,198
2016-02-01,52,474
2016-02-01,60,406
2016-02-01,61,238
2016-02-01,62,199
2016-02-01,63,232
2016-02-01,66,167
2016-02-01,67,480
2016-02-01,68,198
2016-02-01,69,215
2016-02-01,70,312
2016-02-01,71,400
2016-02-01,72,253
2016-02-01,73,671
2016-02-01,75,874
2016-02-01,76,155
2016-02-01,77,336
2016-02-01,78,219
2016-02-01,79,418
2016-02-01,81,338
2016-02-01,83,368
2016-02-01,84,396
2016-02-01,88,233
2016-02-01,90,322
2016-02-01,94,123
2016-02-01,100,154
2016-02-01,101,215
2016-02-01,102,328
2016-02-01,103,693
2016-02-01,104,243
2016-02-01,105,320
2016-02-01,106,350
2016-02-01,107,226
2016-02-01,108,149
2016-02-01,109,310
2016-02-01,110,337
2016-02-01,111,100
2016-02-01,112,182
2016-02-01,113,566
2016-02-01,114,474
2016-02-01,115,438
2016-02-01,120,341
2016-02-01,121,326
2016-02-01,122,196
2016-02-01,123,119
2016-03-01,1,349
2016-03-01,5,448
2016-03-01,6,241
2016-03-01,7,223
2016-03-01,9,291
2016-03-01,10,281
2016-03-01,13,444
2016-03-01,14,984
2016-03-01,17,196
2016-03-01,18,438
2016-03-01,19,233
2016-03-01,20,146
2016-03-01,22,20
2016-03-01,23,436
2016-03-01,24,191
2016-03-01,25,602
2016-03-01,26,200
2016-03-01,28,379
2016-03-01,30,305
2016-03-01,32,510
2016-03-01,33,373
2016-03-01,34,367
2016-03-01,40,910
2016-03-01,41,605
2016-03-01,42,537
2016-03-01,43,526
2016-03-01,44,825
2016-03-01,45,243
2016-03-01,46,453
2016-03-01,47,473
2016-03-01,48,496
2016-03-01,49,286
2016-03-01,50,189
2016-03-01,52,480
2016-03-01,60,415
2016-03-01,61,235
2016-03-01,62,244
2016-03-01,63,206
2016-03-01,66,216
2016-03-01,67,564
2016-03-01,68,230
2016-03-01,69,273
2016-03-01,70,379
2016-03-01,71,413
2016-03-01,72,293
2016-03-01,73,702
2016-03-01,75,1003
2016-03-01,76,191
2016-03-01,77,398
2016-03-01,78,246
2016-03-01,79,442
2016-03-01,81,326
2016-03-01,83,341
2016-03-01,84,406
2016-03-01,88,251
2016-03-01,90,310
2016-03-01,94,140
2016-03-01,100,163
2016-03-01,101,276
2016-03-01,102,335
2016-03-01,103,744
2016-03-01,104,286
2016-03-01,105,371
2016-03-01,106,318
2016-03-01,107,226
2016-03-01,108,174
2016-03-01,109,328
2016-03-01,110,438
2016-03-01,111,133
2016-03-01,112,201
2016-03-01,113,609
2016-03-01,114,501
2016-03-01,115,486
2016-03-01,120,412
2016-03-01,121,368
2016-03-01,122,179
2016-03-01,123,131
2016-04-01,1,300
2016-04-01,5,536
2016-04-01,6,224
2016-04-01,7,280
2016-04-01,9,266
2016-04-01,10,272
2016-04-01,13,376
2016-04-01,14,954
2016-04-01,17,154
2016-04-01,18,422
2016-04-01,19,247
2016-04-01,20,169
2016-04-01,22,16
2016-04-01,23,398
2016-04-01,24,211
2016-04-01,25,559
2016-04-01,26,194
2016-04-01,28,353
2016-04-01,30,234
2016-04-01,32,462
2016-04-01,33,299
2016-04-01,34,427
2016-04-01,40,900
2016-04-01,41,581
2016-04-01,42,479
2016-04-01,43,559
2016-04-01,44,783
2016-04-01,45,210
2016-04-01,46,453
2016-04-01,47,457
2016-04-01,48,496
2016-04-01,49,295
2016-04-01,50,170
2016-04-01,52,535
2016-04-01,60,445
2016-04-01,61,236
2016-04-01,62,247
2016-04-01,63,170
2016-04-01,66,180
2016-04-01,67,512
2016-04-01,68,209
2016-04-01,69,241
2016-04-01,70,339
2016-04-01,71,396
2016-04-01,72,320
2016-04-01,73,668
2016-04-01,75,914
2016-04-01,76,184
2016-04-01,77,356
2016-04-01,78,179
2016-04-01,79,379
2016-04-01,81,316
2016-04-01,83,283
2016-04-01,84,371
2016-04-01,88,218
2016-04-01,90,284
2016-04-01,94,120
2016-04-01,100,148
2016-04-01,101,239
2016-04-01,102,367
2016-04-01,103,655
2016-04-01,104,275
2016-04-01,105,328
2016-04-01,106,256
2016-04-01,107,256
2016-04-01,108,158
2016-04-01,109,288
2016-04-01,110,371
2016-04-01,111,139
2016-04-01,112,182
2016-04-01,113,538
2016-04-01,114,476
2016-04-01,115,417
2016-04-01,120,383
2016-04-01,121,307
2016-04-01,122,180
2016-04-01,123,106
2016-05-01,1,343
2016-05-01,5,486
2016-05-01,6,263
2016-05-01,7,295
2016-05-01,9,288
2016-05-01,10,238
2016-05-01,13,331
2016-05-01,14,958
2016-05-01,17,116
2016-05-01,18,431
2016-05-01,19,243
2016-05-01,20,162
2016-05-01,22,21
2016-05-01,23,432
2016-05-01,24,191
2016-05-01,25,666
2016-05-01,26,190
2016-05-01,28,390
2016-05-01,30,302
2016-05-01,32,475
2016-05-01,33,377
2016-05-01,34,415
2016-05-01,40,982
2016-05-01,41,614
2016-05-01,42,455
2016-05-01,43,530
2016-05-01,44,845
2016-05-01,45,229
2016-05-01,46,481
2016-05-01,47,463
2016-05-01,48,467
2016-05-01,49,336
2016-05-01,50,200
2016-05-01,52,608
2016-05-01,60,365
2016-05-01,61,226
2016-05-01,62,246
2016-05-01,63,216
2016-05-01,66,155
2016-05-01,67,548
2016-05-01,68,193
2016-05-01,69,263
2016-05-01,70,313
2016-05-01,71,322
2016-05-01,72,301
2016-05-01,73,688
2016-05-01,75,939
2016-05-01,76,191
2016-05-01,77,382
2016-05-01,78,227
2016-05-01,79,310
2016-05-01,81,318
2016-05-01,83,379
2016-05-01,84,396
2016-05-01,88,215
2016-05-01,90,322
2016-05-01,94,106
2016-05-01,100,208
2016-05-01,101,299
2016-05-01,102,398
2016-05-01,103,579
2016-05-01,104,291
2016-05-01,105,368
2016-05-01,106,372
2016-05-01,107,222
2016-05-01,108,234
2016-05-01,109,385
2016-05-01,110,452
2016-05-01,111,138
2016-05-01,112,130
2016-05-01,113,561
2016-05-01,114,488
2016-05-01,115,453
2016-05-01,120,434
2016-05-01,121,364
2016-05-01,122,187
2016-05-01,123,169
2016-06-01,1,316
2016-06-01,5,438
2016-06-01,6,185
2016-06-01,7,209
2016-06-01,9,304
2016-06-01,10,231
2016-06-01,13,371
2016-06-01,14,888
2016-06-01,17,131
2016-06-01,18,382
2016-06-01,19,269
2016-06-01,20,163
2016-06-01,22,16
2016-06-01,23,482
2016-06-01,24,189
2016-06-01,25,543
2016-06-01,26,176
2016-06-01,28,370
2016-06-01,30,289
2016-06-01,32,481
2016-06-01,33,323
2016-06-01,34,382
2016-06-01,40,928
2016-06-01,41,566
2016-06-01,42,485
2016-06-01,43,536
2016-06-01,44,660
2016-06-01,45,247
2016-06-01,46,456
2016-06-01,47,460
2016-06-01,48,424
2016-06-01,49,355
2016-06-01,50,160
2016-06-01,52,508
2016-06-01,60,419
2016-06-01,61,200
2016-06-01,62,184
2016-06-01,63,181
2016-06-01,66,155
2016-06-01,67,489
2016-06-01,68,205
2016-06-01,69,226
2016-06-01,70,314
2016-06-01,71,312
2016-06-01,72,263
2016-06-01,73,717
2016-06-01,75,900
2016-06-01,76,188
2016-06-01,77,359
2016-06-01,78,183
2016-06-01,79,339
2016-06-01,81,289
2016-06-01,83,313
2016-06-01,84,391
2016-06-01,88,196
2016-06-01,90,340
2016-06-01,94,111
2016-06-01,100,209
2016-06-01,101,248
2016-06-01,102,370
2016-06-01,103,500
2016-06-01,104,279
2016-06-01,105,345
2016-06-01,106,242
2016-06-01,107,242
2016-06-01,108,180
2016-06-01,109,350
2016-06-01,110,383
2016-06-01,111,114
2016-06-01,112,145
2016-06-01,113,677
2016-06-01,114,498
2016-06-01,115,436
2016-06-01,120,388
2016-06-01,121,327
2016-06-01,122,193
2016-06-01,123,147
2016-07-01,1,267
2016-07-01,5,488
2016-07-01,6,191
2016-07-01,7,226
2016-07-01,9,286
2016-07-01,10,191
2016-07-01,13,309
2016-07-01,14,805
2016-07-01,17,118
2016-07-01,18,344
2016-07-01,19,209
2016-07-01,20,125
2016-07-01,22,32
2016-07-01,23,356
2016-07-01,24,211
2016-07-01,25,474
2016-07-01,26,132
2016-07-01,28,313
2016-07-01,30,242
2016-07-01,32,412
2016-07-01,33,294
2016-07-01,34,352
2016-07-01,40,916
2016-07-01,41,507
2016-07-01,42,503
2016-07-01,43,522
2016-07-01,44,713
2016-07-01,45,228
2016-07-01,46,520
2016-07-01,47,416
2016-07-01,48,458
2016-07-01,49,327
2016-07-01,50,137
2016-07-01,52,501
2016-07-01,60,404
2016-07-01,61,189
2016-07-01,62,225
2016-07-01,63,164
2016-07-01,66,155
2016-07-01,67,438
2016-07-01,68,187
2016-07-01,69,223
2016-07-01,70,272
2016-07-01,71,317
2016-07-01,72,225
2016-07-01,73,684
2016-07-01,75,826
2016-07-01,76,203
2016-07-01,77,322
2016-07-01,78,162
2016-07-01,79,306
2016-07-01,81,290
2016-07-01,83,270
2016-07-01,84,254
2016-07-01,88,143
2016-07-01,90,228
2016-07-01,94,87
2016-07-01,100,219
2016-07-01,101,237
2016-07-01,102,361
2016-07-01,103,465
2016-07-01,104,217
2016-07-01,105,346
2016-07-01,106,230
2016-07-01,107,191
2016-07-01,108,153
2016-07-01,109,395
2016-07-01,110,338
2016-07-01,111,110
2016-07-01,112,143
2016-07-01,113,568
2016-07-01,114,521
2016-07-01,115,383
2016-07-01,120,316
2016-07-01,121,320
2016-07-01,122,216
2016-07-01,123,135
2016-08-01,1,320
2016-08-01,5,505
2016-08-01,6,267
2016-08-01,7,219
2016-08-01,9,323
2016-08-01,10,267
2016-08-01,13,351
2016-08-01,14,877
2016-08-01,17,102
2016-08-01,18,398
2016-08-01,19,241
2016-08-01,20,135
2016-08-01,22,31
2016-08-01,23,358
2016-08-01,24,202
2016-08-01,25,511
2016-08-01,26,178
2016-08-01,28,436
2016-08-01,30,268
2016-08-01,32,448
2016-08-01,33,333
2016-08-01,34,359
2016-08-01,40,797
2016-08-01,41,506
2016-08-01,42,540
2016-08-01,43,594
2016-08-01,44,726
2016-08-01,45,241
2016-08-01,46,500
2016-08-01,47,512
2016-08-01,48,596
2016-08-01,49,311
2016-08-01,50,188
2016-08-01,52,534
2016-08-01,60,447
2016-08-01,61,219
2016-08-01,62,219
2016-08-01,63,188
2016-08-01,66,181
2016-08-01,67,463
2016-08-01,68,233
2016-08-01,69,256
2016-08-01,70,339
2016-08-01,71,323
2016-08-01,72,254
2016-08-01,73,771
2016-08-01,75,860
2016-08-01,76,209
2016-08-01,77,380
2016-08-01,78,185
2016-08-01,79,376
2016-08-01,81,355
2016-08-01,83,319
2016-08-01,84,410
2016-08-01,88,235
2016-08-01,90,300
2016-08-01,94,120
2016-08-01,100,210
2016-08-01,101,243
2016-08-01,102,390
2016-08-01,103,481
2016-08-01,104,268
2016-08-01,105,288
2016-08-01,106,267
2016-08-01,107,231
2016-08-01,108,153
2016-08-01,109,363
2016-08-01,110,372
2016-08-01,111,156
2016-08-01,112,157
2016-08-01,113,570
2016-08-01,114,511
2016-08-01,115,412
2016-08-01,120,420
2016-08-01,121,314
2016-08-01,122,225
2016-08-01,123,136
2016-09-01,1,299
2016-09-01,5,450
2016-09-01,6,192
2016-09-01,7,228
2016-09-01,9,248
2016-09-01,10,184
2016-09-01,13,339
2016-09-01,14,846
2016-09-01,17,116
2016-09-01,18,384
2016-09-01,19,253
2016-09-01,20,165
2016-09-01,22,16
2016-09-01,23,414
2016-09-01,24,195
2016-09-01,25,669
2016-09-01,26,206
2016-09-01,28,293
2016-09-01,30,271
2016-09-01,32,405
2016-09-01,33,331
2016-09-01,34,399
2016-09-01,40,741
2016-09-01,41,440
2016-09-01,42,459
2016-09-01,43,504
2016-09-01,44,661
2016-09-01,45,229
2016-09-01,46,541
2016-09-01,47,437
2016-09-01,48,478
2016-09-01,49,296
2016-09-01,50,159
2016-09-01,52,475
2016-09-01,60,322
2016-09-01,61,205
2016-09-01,62,171
2016-09-01,63,218
2016-09-01,66,180
2016-09-01,67,463
2016-09-01,68,221
2016-09-01,69,231
2016-09-01,70,298
2016-09-01,71,354
2016-09-01,72,232
2016-09-01,73,692
2016-09-01,75,783
2016-09-01,76,203
2016-09-01,77,314
2016-09-01,78,209
2016-09-01,79,375
2016-09-01,81,297
2016-09-01,83,267
2016-09-01,84,316
2016-09-01,88,210
2016-09-01,90,278
2016-09-01,94,139
2016-09-01,100,156
2016-09-01,101,204
2016-09-01,102,344
2016-09-01,103,473
2016-09-01,104,228
2016-09-01,105,286
2016-09-01,106,223
2016-09-01,107,214
2016-09-01,108,139
2016-09-01,109,359
2016-09-01,110,332
2016-09-01,111,141
2016-09-01,112,142
2016-09-01,113,552
2016-09-01,114,426
2016-09-01,115,377
2016-09-01,120,531
2016-09-01,121,287
2016-09-01,122,184
2016-09-01,123,122
2016-10-01,1,354
2016-10-01,5,387
2016-10-01,6,278
2016-10-01,7,274
2016-10-01,9,272
2016-10-01,10,237
2016-10-01,13,380
2016-10-01,14,945
2016-10-01,17,141
2016-10-01,18,395
2016-10-01,19,259
2016-10-01,20,177
2016-10-01,22,14
2016-10-01,23,387
2016-10-01,24,190
2016-10-01,25,552
2016-10-01,26,178
2016-10-01,28,285
2016-10-01,30,286
2016-10-01,32,420
2016-10-01,33,363
2016-10-01,34,425
2016-10-01,40,881
2016-10-01,41,461
2016-10-01,42,519
2016-10-01,43,507
2016-10-01,44,693
2016-10-01,45,227
2016-10-01,46,513
2016-10-01,47,521
2016-10-01,48,542
2016-10-01,49,303
2016-10-01,50,207
2016-10-01,52,608
2016-10-01,60,340
2016-10-01,61,224
2016-10-01,62,233
2016-10-01,63,198
2016-10-01,66,173
2016-10-01,67,535
2016-10-01,68,259
2016-10-01,69,240
2016-10-01,70,351
2016-10-01,71,379
2016-10-01,72,299
2016-10-01,73,667
2016-10-01,75,912
2016-10-01,76,217
2016-10-01,77,437
2016-10-01,78,204
2016-10-01,79,349
2016-10-01,81,293
2016-10-01,83,327
2016-10-01,84,308
2016-10-01,88,162
2016-10-01,90,254
2016-10-01,94,135
2016-10-01,100,185
2016-10-01,101,215
2016-10-01,102,438
2016-10-01,103,486
2016-10-01,104,230
2016-10-01,105,279
2016-10-01,106,275
2016-10-01,107,221
2016-10-01,108,172
2016-10-01,109,410
2016-10-01,110,410
2016-10-01,111,153
2016-10-01,112,141
2016-10-01,113,578
2016-10-01,114,506
2016-10-01,115,475
2016-10-01,120,462
2016-10-01,121,288
2016-10-01,122,160
2016-10-01,123,155
2016-11-01,1,333
2016-11-01,5,392
2016-11-01,6,217
2016-11-01,7,198
2016-11-01,9,310
2016-11-01,10,219
2016-11-01,13,344
2016-11-01,14,752
2016-11-01,17,102
2016-11-01,18,346
2016-11-01,19,190
2016-11-01,20,151
2016-11-01,22,11
2016-11-01,23,356
2016-11-01,24,180
2016-11-01,25,477
2016-11-01,26,163
2016-11-01,28,301
2016-11-01,30,237
2016-11-01,32,360
2016-11-01,33,318
2016-11-01,34,322
2016-11-01,40,706
2016-11-01,41,380
2016-11-01,42,467
2016-11-01,43,374
2016-11-01,44,732
2016-11-01,45,182
2016-11-01,46,395
2016-11-01,47,402
2016-11-01,48,400
2016-11-01,49,342
2016-11-01,50,143
2016-11-01,52,535
2016-11-01,60,309
2016-11-01,61,220
2016-11-01,62,200
2016-11-01,63,174
2016-11-01,66,143
2016-11-01,67,431
2016-11-01,68,251
2016-11-01,69,201
2016-11-01,70,276
2016-11-01,71,336
2016-11-01,72,291
2016-11-01,73,492
2016-11-01,75,741
2016-11-01,76,165
2016-11-01,77,327
2016-11-01,78,179
2016-11-01,79,427
2016-11-01,81,279
2016-11-01,83,282
2016-11-01,84,331
2016-11-01,88,152
2016-11-01,90,277
2016-11-01,94,118
2016-11-01,100,152
2016-11-01,101,237
2016-11-01,102,364
2016-11-01,103,345
2016-11-01,104,222
2016-11-01,105,312
2016-11-01,106,242
2016-11-01,107,199
2016-11-01,108,170
2016-11-01,109,375
2016-11-01,110,345
2016-11-01,111,106
2016-11-01,112,150
2016-11-01,113,518
2016-11-01,114,464
2016-11-01,115,377
2016-11-01,120,381
2016-11-01,121,257
2016-11-01,122,148
2016-11-01,123,139
2016-12-01,1,284
2016-12-01,5,330
2016-12-01,6,227
2016-12-01,7,250
2016-12-01,9,261
2016-12-01,10,199
2016-12-01,13,364
2016-12-01,14,837
2016-12-01,17,100
2016-12-01,18,402
2016-12-01,19,241
2016-12-01,20,125
2016-12-01,22,12
2016-12-01,23,293
2016-12-01,24,122
2016-12-01,25,440
2016-12-01,26,149
2016-12-01,28,359
2016-12-01,30,233
2016-12-01,32,353
2016-12-01,33,311
2016-12-01,34,299
2016-12-01,40,694
2016-12-01,41,367
2016-12-01,42,477
2016-12-01,43,542
2016-12-01,44,622
2016-12-01,45,219
2016-12-01,46,404
2016-12-01,47,439
2016-12-01,48,347
2016-12-01,49,318
2016-12-01,50,156
2016-12-01,52,532
2016-12-01,60,315
2016-12-01,61,233
2016-12-01,62,164
2016-12-01,63,164
2016-12-01,66,151
2016-12-01,67,433
2016-12-01,68,240
2016-12-01,69,186
2016-12-01,70,290
2016-12-01,71,357
2016-12-01,72,297
2016-12-01,73,479
2016-12-01,75,684
2016-12-01,76,223
2016-12-01,77,375
2016-12-01,78,191
2016-12-01,79,353
2016-12-01,81,251
2016-12-01,83,240
2016-12-01,84,355
2016-12-01,88,319
2016-12-01,90,226
2016-12-01,94,114
2016-12-01,100,116
2016-12-01,101,250
2016-12-01,102,350
2016-12-01,103,382
2016-12-01,104,225
2016-12-01,105,281
2016-12-01,106,277
2016-12-01,107,232
2016-12-01,108,166
2016-12-01,109,354
2016-12-01,110,317
2016-12-01,111,133
2016-12-01,112,169
2016-12-01,113,466
2016-12-01,114,438
2016-12-01,115,387
2016-12-01,120,410
2016-12-01,121,254
2016-12-01,122,172
2016-12-01,123,97
2017-01-01,1,325
2017-01-01,5,406
2017-01-01,6,218
2017-01-01,7,298
2017-01-01,9,290
2017-01-01,10,195
2017-01-01,13,357
2017-01-01,14,883
2017-01-01,17,123
2017-01-01,18,406
2017-01-01,19,242
2017-01-01,20,130
2017-01-01,22,7
2017-01-01,23,350
2017-01-01,24,166
2017-01-01,25,472
2017-01-01,26,178
2017-01-01,28,345
2017-01-01,30,193
2017-01-01,32,378
2017-01-01,33,328
2017-01-01,34,417
2017-01-01,40,813
2017-01-01,41,447
2017-01-01,42,612
2017-01-01,43,571
2017-01-01,44,723
2017-01-01,45,197
2017-01-01,46,496
2017-01-01,47,477
2017-01-01,48,488
2017-01-01,49,322
2017-01-01,50,168
2017-01-01,52,535
2017-01-01,60,352
2017-01-01,61,228
2017-01-01,62,164
2017-01-01,63,176
2017-01-01,66,151
2017-01-01,67,496
2017-01-01,68,233
2017-01-01,69,212
2017-01-01,70,343
2017-01-01,71,397
2017-01-01,72,321
2017-01-01,73,669
2017-01-01,75,781
2017-01-01,76,211
2017-01-01,77,379
2017-01-01,78,204
2017-01-01,79,365
2017-01-01,81,230
2017-01-01,83,338
2017-01-01,84,448
2017-01-01,88,149
2017-01-01,90,253
2017-01-01,94,139
2017-01-01,100,146
2017-01-01,101,274
2017-01-01,102,370
2017-01-01,103,461
2017-01-01,104,215
2017-01-01,105,340
2017-01-01,106,271
2017-01-01,107,234
2017-01-01,108,165
2017-01-01,109,391
2017-01-01,110,307
2017-01-01,111,142
2017-01-01,112,162
2017-01-01,113,563
2017-01-01,114,542
2017-01-01,115,420
2017-01-01,120,415
2017-01-01,121,257
2017-01-01,122,150
2017-01-01,123,150
2017-02-01,1,243
2017-02-01,5,370
2017-02-01,6,266
2017-02-01,7,257
2017-02-01,9,234
2017-02-01,10,158
2017-02-01,13,288
2017-02-01,14,783
2017-02-01,17,150
2017-02-01,18,344
2017-02-01,19,216
2017-02-01,20,163
2017-02-01,22,15
2017-02-01,23,349
2017-02-01,24,176
2017-02-01,25,474
2017-02-01,26,179
2017-02-01,28,280
2017-02-01,30,148
2017-02-01,32,307
2017-02-01,33,294
2017-02-01,34,375
2017-02-01,40,766
2017-02-01,41,411
2017-02-01,42,466
2017-02-01,43,460
2017-02-01,44,595
2017-02-01,45,181
2017-02-01,46,491
2017-02-01,47,422
2017-02-01,48,447
2017-02-01,49,292
2017-02-01,50,155
2017-02-01,52,524
2017-02-01,60,334
2017-02-01,61,234
2017-02-01,62,159
2017-02-01,63,164
2017-02-01,66,134
2017-02-01,67,429
2017-02-01,68,245
2017-02-01,69,214
2017-02-01,70,337
2017-02-01,71,294
2017-02-01,72,309
2017-02-01,73,523
2017-02-01,75,625
2017-02-01,76,209
2017-02-01,77,379
2017-02-01,78,192
2017-02-01,79,333
2017-02-01,81,230
2017-02-01,83,242
2017-02-01,84,330
2017-02-01,88,180
2017-02-01,90,261
2017-02-01,94,127
2017-02-01,100,137
2017-02-01,101,211
2017-02-01,102,330
2017-02-01,103,416
2017-02-01,104,211
2017-02-01,105,313
2017-02-01,106,272
2017-02-01,107,277
2017-02-01,108,150
2017-02-01,109,363
2017-02-01,110,250
2017-02-01,111,114
2017-02-01,112,129
2017-02-01,113,496
2017-02-01,114,428
2017-02-01,115,408
2017-02-01,120,370
2017-02-01,121,231
2017-02-01,122,153
2017-02-01,123,143
2017-03-01,1,301
2017-03-01,5,436
2017-03-01,6,243
2017-03-01,7,242
2017-03-01,9,230
2017-03-01,10,201
2017-03-01,13,351
2017-03-01,14,848
2017-03-01,17,153
2017-03-01,18,395
2017-03-01,19,210
2017-03-01,20,166
2017-03-01,22,15
2017-03-01,23,364
2017-03-01,24,234
2017-03-01,25,567
2017-03-01,26,207
2017-03-01,28,306
2017-03-01,30,175
2017-03-01,32,330
2017-03-01,33,318
2017-03-01,34,455
2017-03-01,40,866
2017-03-01,41,472
2017-03-01,42,456
2017-03-01,43,548
2017-03-01,44,608
2017-03-01,45,222
2017-03-01,46,510
2017-03-01,47,439
2017-03-01,48,369
2017-03-01,49,295
2017-03-01,50,146
2017-03-01,52,551
2017-03-01,60,330
2017-03-01,61,239
2017-03-01,62,227
2017-03-01,63,158
2017-03-01,66,194
2017-03-01,67,506
2017-03-01,68,263
2017-03-01,69,265
2017-03-01,70,323
2017-03-01,71,344
2017-03-01,72,347
2017-03-01,73,485
2017-03-01,75,758
2017-03-01,76,224
2017-03-01,77,410
2017-03-01,78,199
2017-03-01,79,375
2017-03-01,81,275
2017-03-01,83,343
2017-03-01,84,417
2017-03-01,88,171
2017-03-01,90,290
2017-03-01,94,154
2017-03-01,100,167
2017-03-01,101,235
2017-03-01,102,428
2017-03-01,103,456
2017-03-01,104,229
2017-03-01,105,343
2017-03-01,106,294
2017-03-01,107,324
2017-03-01,108,228
2017-03-01,109,370
2017-03-01,110,337
2017-03-01,111,129
2017-03-01,112,148
2017-03-01,113,566
2017-03-01,114,459
2017-03-01,115,455
2017-03-01,120,371
2017-03-01,121,271
2017-03-01,122,173
2017-03-01,123,149
2017-04-01,1,296
2017-04-01,5,418
2017-04-01,6,265
2017-04-01,7,214
2017-04-01,9,252
2017-04-01,10,165
2017-04-01,13,346
2017-04-01,14,822
2017-04-01,17,143
2017-04-01,18,408
2017-04-01,19,246
2017-04-01,20,187
2017-04-01,22,15
2017-04-01,23,381
2017-04-01,24,217
2017-04-01,25,567
2017-04-01,26,195
2017-04-01,28,268
2017-04-01,30,179
2017-04-01,32,352
2017-04-01,33,300
2017-04-01,34,387
2017-04-01,40,716
2017-04-01,41,356
2017-04-01,42,416
2017-04-01,43,511
2017-04-01,44,686
2017-04-01,45,233
2017-04-01,46,468
2017-04-01,47,488
2017-04-01,48,454
2017-04-01,49,306
2017-04-01,50,153
2017-04-01,52,572
2017-04-01,60,362
2017-04-01,61,251
2017-04-01,62,196
2017-04-01,63,154
2017-04-01,66,117
2017-04-01,67,442
2017-04-01,68,261
2017-04-01,69,264
2017-04-01,70,359
2017-04-01,71,352
2017-04-01,72,323
2017-04-01,73,455
2017-04-01,75,762
2017-04-01,76,233
2017-04-01,77,351
2017-04-01,78,194
2017-04-01,79,345
2017-04-01,81,271
2017-04-01,83,304
2017-04-01,84,374
2017-04-01,88,174
2017-04-01,90,338
2017-04-01,94,134
2017-04-01,100,159
2017-04-01,101,253
2017-04-01,102,367
2017-04-01,103,464
2017-04-01,104,274
2017-04-01,105,390
2017-04-01,106,229
2017-04-01,107,281
2017-04-01,108,185
2017-04-01,109,313
2017-04-01,110,311
2017-04-01,111,130
2017-04-01,112,117
2017-04-01,113,563
2017-04-01,114,501
2017-04-01,115,480
2017-04-01,120,449
2017-04-01,121,280
2017-04-01,122,140
2017-04-01,123,142
2017-05-01,1,240
2017-05-01,5,489
2017-05-01,6,321
2017-05-01,7,242
2017-05-01,9,251
2017-05-01,10,185
2017-05-01,13,369
2017-05-01,14,808
2017-05-01,17,122
2017-05-01,18,464
2017-05-01,19,261
2017-05-01,20,179
2017-05-01,22,13
2017-05-01,23,334
2017-05-01,24,226
2017-05-01,25,574
2017-05-01,26,172
2017-05-01,28,268
2017-05-01,30,190
2017-05-01,32,378
2017-05-01,33,301
2017-05-01,34,387
2017-05-01,40,655
2017-05-01,41,437
2017-05-01,42,419
2017-05-01,43,511
2017-05-01,44,659
2017-05-01,45,223
2017-05-01,46,457
2017-05-01,47,488
2017-05-01,48,429
2017-05-01,49,317
2017-05-01,50,142
2017-05-01,52,606
2017-05-01,60,358
2017-05-01,61,233
2017-05-01,62,227
2017-05-01,63,205
2017-05-01,66,121
2017-05-01,67,443
2017-05-01,68,280
2017-05-01,69,243
2017-05-01,70,370
2017-05-01,71,336
2017-05-01,72,336
2017-05-01,73,525
2017-05-01,75,668
2017-05-01,76,214
2017-05-01,77,342
2017-05-01,78,197
2017-05-01,79,317
2017-05-01,81,260
2017-05-01,83,325
2017-05-01,84,372
2017-05-01,88,133
2017-05-01,90,314
2017-05-01,94,161
2017-05-01,100,159
2017-05-01,101,254
2017-05-01,102,448
2017-05-01,103,380
2017-05-01,104,273
2017-05-01,105,321
2017-05-01,106,223
2017-05-01,107,272
2017-05-01,108,164
2017-05-01,109,368
2017-05-01,110,345
2017-05-01,111,135
2017-05-01,112,122
2017-05-01,113,512
2017-05-01,114,490
2017-05-01,115,455
2017-05-01,120,381
2017-05-01,121,324
2017-05-01,122,172
2017-05-01,123,153
2017-06-01,1,215
2017-06-01,5,459
2017-06-01,6,244
2017-06-01,7,231
2017-06-01,9,197
2017-06-01,10,221
2017-06-01,13,377
2017-06-01,14,736
2017-06-01,17,141
2017-06-01,18,399
2017-06-01,19,225
2017-06-01,20,150
2017-06-01,22,21
2017-06-01,23,361
2017-06-01,24,189
2017-06-01,25,533
2017-06-01,26,163
2017-06-01,28,239
2017-06-01,30,160
2017-06-01,32,296
2017-06-01,33,252
2017-06-01,34,288
2017-06-01,40,668
2017-06-01,41,386
2017-06-01,42,389
2017-06-01,43,537
2017-06-01,44,576
2017-06-01,45,229
2017-06-01,46,466
2017-06-01,47,467
2017-06-01,48,349
2017-06-01,49,347
2017-06-01,50,140
2017-06-01,52,568
2017-06-01,60,426
2017-06-01,61,211
2017-06-01,62,189
2017-06-01,63,149
2017-06-01,66,137
2017-06-01,67,393
2017-06-01,68,233
2017-06-01,69,267
2017-06-01,70,288
2017-06-01,71,335
2017-06-01,72,315
2017-06-01,73,554
2017-06-01,75,682
2017-06-01,76,243
2017-06-01,77,304
2017-06-01,78,201
2017-06-01,79,322
2017-06-01,81,251
2017-06-01,83,250
2017-06-01,84,330
2017-06-01,88,145
2017-06-01,90,293
2017-06-01,94,132
2017-06-01,100,186
2017-06-01,101,221
2017-06-01,102,362
2017-06-01,103,391
2017-06-01,104,223
2017-06-01,105,296
2017-06-01,106,241
2017-06-01,107,291
2017-06-01,108,180
2017-06-01,109,285
2017-06-01,110,314
2017-06-01,111,106
2017-06-01,112,127
2017-06-01,113,462
2017-06-01,114,499
2017-06-01,115,385
2017-06-01,120,410
2017-06-01,121,257
2017-06-01,122,177
2017-06-01,123,149
2017-07-01,1,222
2017-07-01,5,406
2017-07-01,6,277
2017-07-01,7,239
2017-07-01,9,217
2017-07-01,10,245
2017-07-01,13,326
2017-07-01,14,800
2017-07-01,17,123
2017-07-01,18,370
2017-07-01,19,235
2017-07-01,20,154
2017-07-01,22,18
2017-07-01,23,345
2017-07-01,24,176
2017-07-01,25,600
2017-07-01,26,116
2017-07-01,28,253
2017-07-01,30,173
2017-07-01,32,269
2017-07-01,33,262
2017-07-01,34,336
2017-07-01,40,663
2017-07-01,41,413
2017-07-01,42,430
2017-07-01,43,498
2017-07-01,44,577
2017-07-01,45,190
2017-07-01,46,367
2017-07-01,47,428
2017-07-01,48,402
2017-07-01,49,309
2017-07-01,50,137
2017-07-01,52,550
2017-07-01,60,451
2017-07-01,61,211
2017-07-01,62,211
2017-07-01,63,160
2017-07-01,66,143
2017-07-01,67,390
2017-07-01,68,283
2017-07-01,69,252
2017-07-01,70,376
2017-07-01,71,302
2017-07-01,72,312
2017-07-01,73,532
2017-07-01,75,678
2017-07-01,76,192
2017-07-01,77,331
2017-07-01,78,162
2017-07-01,79,347
2017-07-01,81,268
2017-07-01,83,251
2017-07-01,84,301
2017-07-01,88,130
2017-07-01,90,266
2017-07-01,94,130
2017-07-01,100,177
2017-07-01,101,224
2017-07-01,102,330
2017-07-01,103,448
2017-07-01,104,251
2017-07-01,105,297
2017-07-01,106,230
2017-07-01,107,278
2017-07-01,108,174
2017-07-01,109,320
2017-07-01,110,268
2017-07-01,111,114
2017-07-01,112,131
2017-07-01,113,489
2017-07-01,114,456
2017-07-01,115,409
2017-07-01,120,455
2017-07-01,121,268
2017-07-01,122,172
2017-07-01,123,137
2017-08-01,1,257
2017-08-01,5,405
2017-08-01,6,319
2017-08-01,7,204
2017-08-01,9,241
2017-08-01,10,223
2017-08-01,13,306
2017-08-01,14,814
2017-08-01,17,137
2017-08-01,18,427
2017-08-01,19,295
2017-08-01,20,184
2017-08-01,22,16
2017-08-01,23,342
2017-08-01,24,186
2017-08-01,25,580
2017-08-01,26,125
2017-08-01,28,286
2017-08-01,30,160
2017-08-01,32,339
2017-08-01,33,275
2017-08-01,34,275
2017-08-01,40,660
2017-08-01,41,436
2017-08-01,42,498
2017-08-01,43,509
2017-08-01,44,682
2017-08-01,45,218
2017-08-01,46,387
2017-08-01,47,509
2017-08-01,48,417
2017-08-01,49,336
2017-08-01,50,119
2017-08-01,52,597
2017-08-01,60,402
2017-08-01,61,203
2017-08-01,62,166
2017-08-01,63,160
2017-08-01,66,133
2017-08-01,67,391
2017-08-01,68,281
2017-08-01,69,242
2017-08-01,70,339
2017-08-01,71,295
2017-08-01,72,287
2017-08-01,73,545
2017-08-01,75,729
2017-08-01,76,185
2017-08-01,77,405
2017-08-01,78,161
2017-08-01,79,350
2017-08-01,81,271
2017-08-01,83,299
2017-08-01,84,352
2017-08-01,88,164
2017-08-01,90,281
2017-08-01,94,127
2017-08-01,100,157
2017-08-01,101,205
2017-08-01,102,361
2017-08-01,103,390
2017-08-01,104,294
2017-08-01,105,338
2017-08-01,106,251
2017-08-01,107,257
2017-08-01,108,183
2017-08-01,109,348
2017-08-01,110,345
2017-08-01,111,107
2017-08-01,112,129
2017-08-01,113,418
2017-08-01,114,401
2017-08-01,115,379
2017-08-01,120,425
2017-08-01,121,264
2017-08-01,122,176
2017-08-01,123,138
2017-09-01,1,226
2017-09-01,5,490
2017-09-01,6,270
2017-09-01,7,214
2017-09-01,9,226
2017-09-01,10,186
2017-09-01,13,326
2017-09-01,14,728
2017-09-01,17,123
2017-09-01,18,454
2017-09-01,19,236
2017-09-01,20,131
2017-09-01,22,28
2017-09-01,23,344
2017-09-01,24,150
2017-09-01,25,629
2017-09-01,26,164
2017-09-01,28,285
2017-09-01,30,164
2017-09-01,32,287
2017-09-01,33,283
2017-09-01,34,289
2017-09-01,40,628
2017-09-01,41,422
2017-09-01,42,462
2017-09-01,43,520
2017-09-01,44,603
2017-09-01,45,178
2017-09-01,46,415
2017-09-01,47,480
2017-09-01,48,399
2017-09-01,49,332
2017-09-01,50,114
2017-09-01,52,603
2017-09-01,60,291
2017-09-01,61,189
2017-09-01,62,205
2017-09-01,63,145
2017-09-01,66,103
2017-09-01,67,307
2017-09-01,68,214
2017-09-01,69,225
2017-09-01,70,264
2017-09-01,71,274
2017-09-01,72,300
2017-09-01,73,525
2017-09-01,75,565
2017-09-01,76,166
2017-09-01,77,347
2017-09-01,78,148
2017-09-01,79,403
2017-09-01,81,214
2017-09-01,83,308
2017-09-01,84,346
2017-09-01,88,182
2017-09-01,90,267
2017-09-01,94,133
2017-09-01,100,136
2017-09-01,101,213
2017-09-01,102,299
2017-09-01,103,377
2017-09-01,104,247
2017-09-01,105,315
2017-09-01,106,220
2017-09-01,107,208
2017-09-01,108,183
2017-09-01,109,297
2017-09-01,110,309
2017-09-01,111,83
2017-09-01,112,107
2017-09-01,113,445
2017-09-01,114,336
2017-09-01,115,405
2017-09-01,120,355
2017-09-01,121,219
2017-09-01,122,171
2017-09-01,123,150
2017-10-01,1,288
2017-10-01,5,482
2017-10-01,6,287
2017-10-01,7,211
2017-10-01,9,267
2017-10-01,10,215
2017-10-01,13,356
2017-10-01,14,819
2017-10-01,17,145
2017-10-01,18,440
2017-10-01,19,203
2017-10-01,20,155
2017-10-01,22,9
2017-10-01,23,411
2017-10-01,24,172
2017-10-01,25,532
2017-10-01,26,188
2017-10-01,28,257
2017-10-01,30,146
2017-10-01,32,340
2017-10-01,33,329
2017-10-01,34,357
2017-10-01,40,698
2017-10-01,41,449
2017-10-01,42,502
2017-10-01,43,514
2017-10-01,44,609
2017-10-01,45,238
2017-10-01,46,483
2017-10-01,47,497
2017-10-01,48,485
2017-10-01,49,334
2017-10-01,50,117
2017-10-01,52,682
2017-10-01,60,280
2017-10-01,61,211
2017-10-01,62,274
2017-10-01,63,205
2017-10-01,66,122
2017-10-01,67,465
2017-10-01,68,224
2017-10-01,69,236
2017-10-01,70,361
2017-10-01,71,315
2017-10-01,72,323
2017-10-01,73,449
2017-10-01,75,739
2017-10-01,76,206
2017-10-01,77,383
2017-10-01,78,178
2017-10-01,79,375
2017-10-01,81,263
2017-10-01,83,294
2017-10-01,84,391
2017-10-01,88,158
2017-10-01,90,275
2017-10-01,94,165
2017-10-01,100,165
2017-10-01,101,226
2017-10-01,102,364
2017-10-01,103,362
2017-10-01,104,285
2017-10-01,105,318
2017-10-01,106,211
2017-10-01,107,260
2017-10-01,108,222
2017-10-01,109,350
2017-10-01,110,328
2017-10-01,111,120
2017-10-01,112,129
2017-10-01,113,550
2017-10-01,114,440
2017-10-01,115,357
2017-10-01,120,410
2017-10-01,121,265
2017-10-01,122,175
2017-10-01,123,99
2017-11-01,1,235
2017-11-01,5,484
2017-11-01,6,228
2017-11-01,7,180
2017-11-01,9,253
2017-11-01,10,228
2017-11-01,13,290
2017-11-01,14,848
2017-11-01,17,172
2017-11-01,18,413
2017-11-01,19,255
2017-11-01,20,167
2017-11-01,22,23
2017-11-01,23,340
2017-11-01,24,144
2017-11-01,25,511
2017-11-01,26,154
2017-11-01,28,233
2017-11-01,30,140
2017-11-01,32,293
2017-11-01,33,288
2017-11-01,34,301
2017-11-01,40,676
2017-11-01,41,408
2017-11-01,42,350
2017-11-01,43,437
2017-11-01,44,537
2017-11-01,45,206
2017-11-01,46,501
2017-11-01,47,463
2017-11-01,48,400
2017-11-01,49,324
2017-11-01,50,121
2017-11-01,52,620
2017-11-01,60,304
2017-11-01,61,220
2017-11-01,62,194
2017-11-01,63,171
2017-11-01,66,119
2017-11-01,67,432
2017-11-01,68,204
2017-11-01,69,220
2017-11-01,70,358
2017-11-01,71,312
2017-11-01,72,319
2017-11-01,73,512
2017-11-01,75,613
2017-11-01,76,196
2017-11-01,77,350
2017-11-01,78,217
2017-11-01,79,290
2017-11-01,81,204
2017-11-01,83,294
2017-11-01,84,358
2017-11-01,88,144
2017-11-01,90,214
2017-11-01,94,125
2017-11-01,100,133
2017-11-01,101,218
2017-11-01,102,327
2017-11-01,103,396
2017-11-01,104,245
2017-11-01,105,349
2017-11-01,106,233
2017-11-01,107,248
2017-11-01,108,178
2017-11-01,109,349
2017-11-01,110,314
2017-11-01,111,114
2017-11-01,112,128
2017-11-01,113,557
2017-11-01,114,362
2017-11-01,115,392
2017-11-01,120,389
2017-11-01,121,199
2017-11-01,122,162
2017-11-01,123,105
2017-12-01,1,226
2017-12-01,5,319
2017-12-01,6,256
2017-12-01,7,181
2017-12-01,9,230
2017-12-01,10,171
2017-12-01,13,268
2017-12-01,14,766
2017-12-01,17,167
2017-12-01,18,417
2017-12-01,19,236
2017-12-01,20,123
2017-12-01,22,20
2017-12-01,23,295
2017-12-01,24,149
2017-12-01,25,425
2017-12-01,26,130
2017-12-01,28,206
2017-12-01,30,169
2017-12-01,32,290
2017-12-01,33,267
2017-12-01,34,259
2017-12-01,40,548
2017-12-01,41,287
2017-12-01,42,327
2017-12-01,43,389
2017-12-01,44,516
2017-12-01,45,227
2017-12-01,46,391
2017-12-01,47,412
2017-12-01,48,370
2017-12-01,49,243
2017-12-01,50,115
2017-12-01,52,490
2017-12-01,60,243
2017-12-01,61,205
2017-12-01,62,182
2017-12-01,63,149
2017-12-01,66,94
2017-12-01,67,380
2017-12-01,68,177
2017-12-01,69,211
2017-12-01,70,327
2017-12-01,71,243
2017-12-01,72,256
2017-12-01,73,430
2017-12-01,75,544
2017-12-01,76,125
2017-12-01,77,329
2017-12-01,78,159
2017-12-01,79,298
2017-12-01,81,211
2017-12-01,83,244
2017-12-01,84,285
2017-12-01,88,128
2017-12-01,90,219
2017-12-01,94,149
2017-12-01,100,134
2017-12-01,101,186
2017-12-01,102,242
2017-12-01,103,401
2017-12-01,104,246
2017-12-01,105,279
2017-12-01,106,235
2017-12-01,107,212
2017-12-01,108,179
2017-12-01,109,308
2017-12-01,110,293
2017-12-01,111,108
2017-12-01,112,108
2017-12-01,113,450
2017-12-01,114,350
2017-12-01,115,294
2017-12-01,120,312
2017-12-01,121,203
2017-12-01,122,175
2017-12-01,123,87
2018-01-01,1,272
2018-01-01,5,460
2018-01-01,6,266
2018-01-01,7,217
2018-01-01,9,238
2018-01-01,10,210
2018-01-01,13,319
2018-01-01,14,931
2018-01-01,17,158
2018-01-01,18,388
2018-01-01,19,235
2018-01-01,20,155
2018-01-01,22,12
2018-01-01,23,369
2018-01-01,24,194
2018-01-01,25,554
2018-01-01,26,154
2018-01-01,28,255
2018-01-01,30,139
2018-01-01,32,332
2018-01-01,33,305
2018-01-01,34,365
2018-01-01,40,727
2018-01-01,41,359
2018-01-01,42,413
2018-01-01,43,398
2018-01-01,44,630
2018-01-01,45,233
2018-01-01,46,453
2018-01-01,47,501
2018-01-01,48,430
2018-01-01,49,304
2018-01-01,50,150
2018-01-01,52,589
2018-01-01,60,286
2018-01-01,61,227
2018-01-01,62,152
2018-01-01,63,157
2018-01-01,66,149
2018-01-01,67,493
2018-01-01,68,245
2018-01-01,69,237
2018-01-01,70,361
2018-01-01,71,291
2018-01-01,72,377
2018-01-01,73,563
2018-01-01,75,521
2018-01-01,76,205
2018-01-01,77,377
2018-01-01,78,195
2018-01-01,79,408
2018-01-01,81,234
2018-01-01,83,276
2018-01-01,84,420
2018-01-01,88,130
2018-01-01,90,261
2018-01-01,94,116
2018-01-01,100,125
2018-01-01,101,277
2018-01-01,102,311
2018-01-01,103,436
2018-01-01,104,227
2018-01-01,105,305
2018-01-01,106,273
2018-01-01,107,265
2018-01-01,108,168
2018-01-01,109,306
2018-01-01,110,326
2018-01-01,111,77
2018-01-01,112,127
2018-01-01,113,552
2018-01-01,114,394
2018-01-01,115,371
2018-01-01,120,383
2018-01-01,121,297
2018-01-01,122,145
2018-01-01,123,121
2018-02-01,1,236
2018-02-01,5,429
2018-02-01,6,243
2018-02-01,7,285
2018-02-01,9,238
2018-02-01,10,187
2018-02-01,13,271
2018-02-01,14,706
2018-02-01,17,148
2018-02-01,18,342
2018-02-01,19,230
2018-02-01,20,129
2018-02-01,22,6
2018-02-01,23,316
2018-02-01,24,185
2018-02-01,25,478
2018-02-01,26,185
2018-02-01,28,222
2018-02-01,30,143
2018-02-01,32,282
2018-02-01,33,241
2018-02-01,34,298
2018-02-01,40,639
2018-02-01,41,319
2018-02-01,42,351
2018-02-01,43,432
2018-02-01,44,520
2018-02-01,45,220
2018-02-01,46,485
2018-02-01,47,469
2018-02-01,48,429
2018-02-01,49,294
2018-02-01,50,130
2018-02-01,52,503
2018-02-01,60,292
2018-02-01,61,219
2018-02-01,62,132
2018-02-01,63,191
2018-02-01,66,120
2018-02-01,67,459
2018-02-01,68,286
2018-02-01,69,243
2018-02-01,70,388
2018-02-01,71,275
2018-02-01,72,305
2018-02-01,73,436
2018-02-01,75,540
2018-02-01,76,200
2018-02-01,77,357
2018-02-01,78,204
2018-02-01,79,301
2018-02-01,81,218
2018-02-01,83,287
2018-02-01,84,262
2018-02-01,88,135
2018-02-01,90,235
2018-02-01,94,99
2018-02-01,100,134
2018-02-01,101,275
2018-02-01,102,274
2018-02-01,103,361
2018-02-01,104,229
2018-02-01,105,247
2018-02-01,106,234
2018-02-01,107,206
2018-02-01,108,163
2018-02-01,109,308
2018-02-01,110,296
2018-02-01,111,92
2018-02-01,112,144
2018-02-01,113,466
2018-02-01,114,326
2018-02-01,115,353
2018-02-01,120,377
2018-02-01,121,190
2018-02-01,122,175
2018-02-01,123,99
2018-03-01,1,208
2018-03-01,5,377
2018-03-01,6,227
2018-03-01,7,213
2018-03-01,9,256
2018-03-01,10,176
2018-03-01,13,265
2018-03-01,14,790
2018-03-01,17,171
2018-03-01,18,318
2018-03-01,19,209
2018-03-01,20,148
2018-03-01,22,9
2018-03-01,23,382
2018-03-01,24,197
2018-03-01,25,468
2018-03-01,26,171
2018-03-01,28,239
2018-03-01,30,188
2018-03-01,32,346
2018-03-01,33,238
2018-03-01,34,267
2018-03-01,40,602
2018-03-01,41,328
2018-03-01,42,418
2018-03-01,43,436
2018-03-01,44,547
2018-03-01,45,266
2018-03-01,46,456
2018-03-01,47,420
2018-03-01,48,424
2018-03-01,49,304
2018-03-01,50,100
2018-03-01,52,571
2018-03-01,60,312
2018-03-01,61,230
2018-03-01,62,136
2018-03-01,63,188
2018-03-01,66,101
2018-03-01,67,484
2018-03-01,68,230
2018-03-01,69,221
2018-03-01,70,386
2018-03-01,71,299
2018-03-01,72,325
2018-03-01,73,477
2018-03-01,75,616
2018-03-01,76,215
2018-03-01,77,341
2018-03-01,78,187
2018-03-01,79,313
2018-03-01,81,211
2018-03-01,83,288
2018-03-01,84,300
2018-03-01,88,130
2018-03-01,90,206
2018-03-01,94,134
2018-03-01,100,143
2018-03-01,101,275
2018-03-01,102,398
2018-03-01,103,345
2018-03-01,104,257
2018-03-01,105,231
2018-03-01,106,257
2018-03-01,107,203
2018-03-01,108,214
2018-03-01,109,348
2018-03-01,110,309
2018-03-01,111,109
2018-03-01,112,136
2018-03-01,113,487
2018-03-01,114,433
2018-03-01,115,389
2018-03-01,120,371
2018-03-01,121,214
2018-03-01,122,173
2018-03-01,123,105
2018-04-01,1,276
2018-04-01,5,433
2018-04-01,6,217
2018-04-01,7,201
2018-04-01,9,241
2018-04-01,10,172
2018-04-01,13,250
2018-04-01,14,699
2018-04-01,17,124
2018-04-01,18,334
2018-04-01,19,167
2018-04-01,20,128
2018-04-01,22,3
2018-04-01,23,328
2018-04-01,24,164
2018-04-01,25,437
2018-04-01,26,152
2018-04-01,28,230
2018-04-01,30,127
2018-04-01,32,257
2018-04-01,33,261
2018-04-01,34,257
2018-04-01,40,554
2018-04-01,41,355
2018-04-01,42,368
2018-04-01,43,425
2018-04-01,44,520
2018-04-01,45,225
2018-04-01,46,457
2018-04-01,47,407
2018-04-01,48,385
2018-04-01,49,271
2018-04-01,50,120
2018-04-01,52,497
2018-04-01,60,337
2018-04-01,61,182
2018-04-01,62,131
2018-04-01,63,189
2018-04-01,66,103
2018-04-01,67,391
2018-04-01,68,249
2018-04-01,69,191
2018-04-01,70,367
2018-04-01,71,236
2018-04-01,72,287
2018-04-01,73,474
2018-04-01,75,696
2018-04-01,76,173
2018-04-01,77,318
2018-04-01,78,164
2018-04-01,79,333
2018-04-01,81,185
2018-04-01,83,248
2018-04-01,84,329
2018-04-01,88,147
2018-04-01,90,199
2018-04-01,94,116
2018-04-01,100,123
2018-04-01,101,199
2018-04-01,102,361
2018-04-01,103,365
2018-04-01,104,261
2018-04-01,105,259
2018-04-01,106,253
2018-04-01,107,203
2018-04-01,108,171
2018-04-01,109,307
2018-04-01,110,309
2018-04-01,111,80
2018-04-01,112,142
2018-04-01,113,540
2018-04-01,114,358
2018-04-01,115,388
2018-04-01,120,397
2018-04-01,121,193
2018-04-01,122,198
2018-04-01,123,133
2018-05-01,1,235
2018-05-01,5,471
2018-05-01,6,250
2018-05-01,7,213
2018-05-01,9,201
2018-05-01,10,149
2018-05-01,13,295
2018-05-01,14,745
2018-05-01,17,152
2018-05-01,18,348
2018-05-01,19,183
2018-05-01,20,160
2018-05-01,22,18
2018-05-01,23,282
2018-05-01,24,131
2018-05-01,25,426
2018-05-01,26,153
2018-05-01,28,193
2018-05-01,30,159
2018-05-01,32,239
2018-05-01,33,231
2018-05-01,34,260
2018-05-01,40,558
2018-05-01,41,365
2018-05-01,42,385
2018-05-01,43,441
2018-05-01,44,620
2018-05-01,45,236
2018-05-01,46,551
2018-05-01,47,472
2018-05-01,48,405
2018-05-01,49,280
2018-05-01,50,100
2018-05-01,52,517
2018-05-01,60,343
2018-05-01,61,199
2018-05-01,62,141
2018-05-01,63,167
2018-05-01,66,126
2018-05-01,67,366
2018-05-01,68,196
2018-05-01,69,199
2018-05-01,70,336
2018-05-01,71,255
2018-05-01,72,277
2018-05-01,73,613
2018-05-01,75,578
2018-05-01,76,175
2018-05-01,77,295
2018-05-01,78,162
2018-05-01,79,383
2018-05-01,81,194
2018-05-01,83,295
2018-05-01,84,324
2018-05-01,88,109
2018-05-01,90,250
2018-05-01,94,126
2018-05-01,100,165
2018-05-01,101,210
2018-05-01,102,297
2018-05-01,103,387
2018-05-01,104,278
2018-05-01,105,306
2018-05-01,106,233
2018-05-01,107,209
2018-05-01,108,180
2018-05-01,109,390
2018-05-01,110,380
2018-05-01,111,117
2018-05-01,112,131
2018-05-01,113,480
2018-05-01,114,364
2018-05-01,115,424
2018-05-01,120,466
2018-05-01,121,247
2018-05-01,122,136
2018-05-01,123,103
2018-06-01,1,227
2018-06-01,5,353
2018-06-01,6,236
2018-06-01,7,174
2018-06-01,9,165
2018-06-01,10,151
2018-06-01,13,277
2018-06-01,14,605
2018-06-01,17,120
2018-06-01,18,308
2018-06-01,19,201
2018-06-01,20,131
2018-06-01,22,22
2018-06-01,23,277
2018-06-01,24,115
2018-06-01,25,375
2018-06-01,26,125
2018-06-01,28,229
2018-06-01,30,119
2018-06-01,32,241
2018-06-01,33,193
2018-06-01,34,234
2018-06-01,40,459
2018-06-01,41,298
2018-06-01,42,345
2018-06-01,43,350
2018-06-01,44,597
2018-06-01,45,165
2018-06-01,46,486
2018-06-01,47,428
2018-06-01,48,388
2018-06-01,49,287
2018-06-01,50,116
2018-06-01,52,481
2018-06-01,60,362
2018-06-01,61,159
2018-06-01,62,125
2018-06-01,63,165
2018-06-01,66,98
2018-06-01,67,381
2018-06-01,68,181
2018-06-01,69,182
2018-06-01,70,319
2018-06-01,71,202
2018-06-01,72,226
2018-06-01,73,481
2018-06-01,75,571
2018-06-01,76,165
2018-06-01,77,310
2018-06-01,78,145
2018-06-01,79,310
2018-06-01,81,190
2018-06-01,83,221
2018-06-01,84,278
2018-06-01,88,141
2018-06-01,90,202
2018-06-01,94,92
2018-06-01,100,132
2018-06-01,101,237
2018-06-01,102,250
2018-06-01,103,331
2018-06-01,104,221
2018-06-01,105,247
2018-06-01,106,216
2018-06-01,107,152
2018-06-01,108,144
2018-06-01,109,335
2018-06-01,110,306
2018-06-01,111,89
2018-06-01,112,112
2018-06-01,113,547
2018-06-01,114,345
2018-06-01,115,336
2018-06-01,120,369
2018-06-01,121,191
2018-06-01,122,180
2018-06-01,123,88
2018-07-01,1,229
2018-07-01,5,389
2018-07-01,6,223
2018-07-01,7,168
2018-07-01,9,183
2018-07-01,10,148
2018-07-01,13,328
2018-07-01,14,645
2018-07-01,17,107
2018-07-01,18,314
2018-07-01,19,195
2018-07-01,20,119
2018-07-01,22,20
2018-07-01,23,245
2018-07-01,24,144
2018-07-01,25,391
2018-07-01,26,142
2018-07-01,28,171
2018-07-01,30,137
2018-07-01,32,269
2018-07-01,33,205
2018-07-01,34,251
2018-07-01,40,516
2018-07-01,41,297
2018-07-01,42,328
2018-07-01,43,429
2018-07-01,44,637
2018-07-01,45,200
2018-07-01,46,515
2018-07-01,47,476
2018-07-01,48,417
2018-07-01,49,292
2018-07-01,50,91
2018-07-01,52,601
2018-07-01,60,447
2018-07-01,61,205
2018-07-01,62,161
2018-07-01,63,172
2018-07-01,66,136
2018-07-01,67,417
2018-07-01,68,215
2018-07-01,69,159
2018-07-01,70,273
2018-07-01,71,306
2018-07-01,72,257
2018-07-01,73,459
2018-07-01,75,569
2018-07-01,76,166
2018-07-01,77,297
2018-07-01,78,113
2018-07-01,79,406
2018-07-01,81,151
2018-07-01,83,249
2018-07-01,84,266
2018-07-01,88,98
2018-07-01,90,196
2018-07-01,94,127
2018-07-01,100,135
2018-07-01,101,232
2018-07-01,102,288
2018-07-01,103,359
2018-07-01,104,248
2018-07-01,105,335
2018-07-01,106,243
2018-07-01,107,159
2018-07-01,108,169
2018-07-01,109,366
2018-07-01,110,380
2018-07-01,111,96
2018-07-01,112,105
2018-07-01,113,484
2018-07-01,114,357
2018-07-01,115,358
2018-07-01,120,405
2018-07-01,121,225
2018-07-01,122,190
2018-07-01,123,74
2018-08-01,1,228
2018-08-01,5,340
2018-08-01,6,218
2018-08-01,7,153
2018-08-01,9,183
2018-08-01,10,159
2018-08-01,13,278
2018-08-01,14,615
2018-08-01,17,124
2018-08-01,18,380
2018-08-01,19,198
2018-08-01,20,135
2018-08-01,22,14
2018-08-01,23,238
2018-08-01,24,140
2018-08-01,25,568
2018-08-01,26,163
2018-08-01,28,173
2018-08-01,30,132
2018-08-01,32,281
2018-08-01,33,198
2018-08-01,34,261
2018-08-01,40,540
2018-08-01,41,372
2018-08-01,42,403
2018-08-01,43,505
2018-08-01,44,780
2018-08-01,45,225
2018-08-01,46,510
2018-08-01,47,460
2018-08-01,48,408
2018-08-01,49,273
2018-08-01,50,119
2018-08-01,52,472
2018-08-01,60,384
2018-08-01,61,190
2018-08-01,62,145
2018-08-01,63,168
2018-08-01,66,107
2018-08-01,67,372
2018-08-01,68,199
2018-08-01,69,163
2018-08-01,70,307
2018-08-01,71,295
2018-08-01,72,251
2018-08-01,73,420
2018-08-01,75,638
2018-08-01,76,146
2018-08-01,77,299
2018-08-01,78,138
2018-08-01,79,359
2018-08-01,81,201
2018-08-01,83,290
2018-08-01,84,343
2018-08-01,88,118
2018-08-01,90,240
2018-08-01,94,140
2018-08-01,100,123
2018-08-01,101,214
2018-08-01,102,263
2018-08-01,103,338
2018-08-01,104,206
2018-08-01,105,264
2018-08-01,106,250
2018-08-01,107,211
2018-08-01,108,129
2018-08-01,109,379
2018-08-01,110,314
2018-08-01,111,101
2018-08-01,112,149
2018-08-01,113,553
2018-08-01,114,375
2018-08-01,115,425
2018-08-01,120,441
2018-08-01,121,221
2018-08-01,122,175
2018-08-01,123,90
2018-09-01,1,184
2018-09-01,5,339
2018-09-01,6,212
2018-09-01,7,175
2018-09-01,9,164
2018-09-01,10,162
2018-09-01,13,231
2018-09-01,14,555
2018-09-01,17,96
2018-09-01,18,256
2018-09-01,19,148
2018-09-01,20,126
2018-09-01,22,18
2018-09-01,23,255
2018-09-01,24,121
2018-09-01,25,487
2018-09-01,26,142
2018-09-01,28,155
2018-09-01,30,108
2018-09-01,32,233
2018-09-01,33,176
2018-09-01,34,229
2018-09-01,40,571
2018-09-01,41,253
2018-09-01,42,334
2018-09-01,43,407
2018-09-01,44,600
2018-09-01,45,209
2018-09-01,46,411
2018-09-01,47,418
2018-09-01,48,325
2018-09-01,49,236
2018-09-01,50,106
2018-09-01,52,428
2018-09-01,60,308
2018-09-01,61,148
2018-09-01,62,156
2018-09-01,63,180
2018-09-01,66,82
2018-09-01,67,347
2018-09-01,68,160
2018-09-01,69,141
2018-09-01,70,213
2018-09-01,71,217
2018-09-01,72,247
2018-09-01,73,377
2018-09-01,75,545
2018-09-01,76,171
2018-09-01,77,251
2018-09-01,78,126
2018-09-01,79,269
2018-09-01,81,158
2018-09-01,83,206
2018-09-01,84,244
2018-09-01,88,92
2018-09-01,90,169
2018-09-01,94,109
2018-09-01,100,132
2018-09-01,101,200
2018-09-01,102,277
2018-09-01,103,307
2018-09-01,104,129
2018-09-01,105,265
2018-09-01,106,232
2018-09-01,107,178
2018-09-01,108,149
2018-09-01,109,320
2018-09-01,110,270
2018-09-01,111,65
2018-09-01,112,110
2018-09-01,113,588
2018-09-01,114,348
2018-09-01,115,386
2018-09-01,120,352
2018-09-01,121,179
2018-09-01,122,150
2018-09-01,123,95
2018-10-01,1,251
2018-10-01,5,389
2018-10-01,6,232
2018-10-01,7,172
2018-10-01,9,172
2018-10-01,10,156
2018-10-01,13,230
2018-10-01,14,660
2018-10-01,17,87
2018-10-01,18,289
2018-10-01,19,186
2018-10-01,20,131
2018-10-01,22,10
2018-10-01,23,243
2018-10-01,24,130
2018-10-01,25,443
2018-10-01,26,155
2018-10-01,28,161
2018-10-01,30,143
2018-10-01,32,218
2018-10-01,33,198
2018-10-01,34,224
2018-10-01,40,523
2018-10-01,41,295
2018-10-01,42,325
2018-10-01,43,362
2018-10-01,44,578
2018-10-01,45,210
2018-10-01,46,551
2018-10-01,47,446
2018-10-01,48,354
2018-10-01,49,287
2018-10-01,50,108
2018-10-01,52,415
2018-10-01,60,323
2018-10-01,61,161
2018-10-01,62,148
2018-10-01,63,174
2018-10-01,66,88
2018-10-01,67,396
2018-10-01,68,190
2018-10-01,69,146
2018-10-01,70,308
2018-10-01,71,240
2018-10-01,72,231
2018-10-01,73,402
2018-10-01,75,503
2018-10-01,76,188
2018-10-01,77,300
2018-10-01,78,115
2018-10-01,79,303
2018-10-01,81,151
2018-10-01,83,232
2018-10-01,84,344
2018-10-01,88,112
2018-10-01,90,208
2018-10-01,94,103
2018-10-01,100,135
2018-10-01,101,190
2018-10-01,102,258
2018-10-01,103,287
2018-10-01,104,192
2018-10-01,105,256
2018-10-01,106,214
2018-10-01,107,174
2018-10-01,108,157
2018-10-01,109,314
2018-10-01,110,276
2018-10-01,111,82
2018-10-01,112,142
2018-10-01,113,539
2018-10-01,114,349
2018-10-01,115,353
2018-10-01,120,407
2018-10-01,121,257
2018-10-01,122,165
2018-10-01,123,107
2018-11-01,1,207
2018-11-01,5,254
2018-11-01,6,209
2018-11-01,7,194
2018-11-01,9,109
2018-11-01,10,145
2018-11-01,13,211
2018-11-01,14,602
2018-11-01,17,106
2018-11-01,18,305
2018-11-01,19,227
2018-11-01,20,121
2018-11-01,22,4
2018-11-01,23,225
2018-11-01,24,144
2018-11-01,25,379
2018-11-01,26,122
2018-11-01,28,140
2018-11-01,30,129
2018-11-01,32,231
2018-11-01,33,219
2018-11-01,34,246
2018-11-01,40,535
2018-11-01,41,267
2018-11-01,42,294
2018-11-01,43,292
2018-11-01,44,549
2018-11-01,45,202
2018-11-01,46,408
2018-11-01,47,351
2018-11-01,48,358
2018-11-01,49,256
2018-11-01,50,92
2018-11-01,52,416
2018-11-01,60,272
2018-11-01,61,159
2018-11-01,62,122
2018-11-01,63,146
2018-11-01,66,94
2018-11-01,67,329
2018-11-01,68,180
2018-11-01,69,145
2018-11-01,70,304
2018-11-01,71,234
2018-11-01,72,248
2018-11-01,73,372
2018-11-01,75,480
2018-11-01,76,142
2018-11-01,77,283
2018-11-01,78,125
2018-11-01,79,239
2018-11-01,81,126
2018-11-01,83,228
2018-11-01,84,248
2018-11-01,88,94
2018-11-01,90,174
2018-11-01,94,110
2018-11-01,100,109
2018-11-01,101,201
2018-11-01,102,298
2018-11-01,103,320
2018-11-01,104,208
2018-11-01,105,248
2018-11-01,106,178
2018-11-01,107,193
2018-11-01,108,134
2018-11-01,109,282
2018-11-01,110,262
2018-11-01,111,73
2018-11-01,112,165
2018-11-01,113,504
2018-11-01,114,328
2018-11-01,115,298
2018-11-01,120,342
2018-11-01,121,191
2018-11-01,122,169
2018-11-01,123,96
2018-12-01,1,239
2018-12-01,5,336
2018-12-01,6,189
2018-12-01,7,146
2018-12-01,9,160
2018-12-01,10,139
2018-12-01,13,247
2018-12-01,14,544
2018-12-01,17,98
2018-12-01,18,301
2018-12-01,19,173
2018-12-01,20,139
2018-12-01,22,1
2018-12-01,23,188
2018-12-01,24,138
2018-12-01,25,350
2018-12-01,26,114
2018-12-01,28,152
2018-12-01,30,107
2018-12-01,32,201
2018-12-01,33,186
2018-12-01,34,204
2018-12-01,40,506
2018-12-01,41,240
2018-12-01,42,314
2018-12-01,43,365
2018-12-01,44,545
2018-12-01,45,226
2018-12-01,46,460
2018-12-01,47,334
2018-12-01,48,281
2018-12-01,49,260
2018-12-01,50,88
2018-12-01,52,425
2018-12-01,60,214
2018-12-01,61,152
2018-12-01,62,104
2018-12-01,63,154
2018-12-01,66,89
2018-12-01,67,301
2018-12-01,68,171
2018-12-01,69,149
2018-12-01,70,312
2018-12-01,71,222
2018-12-01,72,255
2018-12-01,73,408
2018-12-01,75,437
2018-12-01,76,134
2018-12-01,77,222
2018-12-01,78,109
2018-12-01,79,204
2018-12-01,81,138
2018-12-01,83,233
2018-12-01,84,249
2018-12-01,88,109
2018-12-01,90,199
2018-12-01,94,93
2018-12-01,100,96
2018-12-01,101,191
2018-12-01,102,221
2018-12-01,103,296
2018-12-01,104,168
2018-12-01,105,232
2018-12-01,106,194
2018-12-01,107,156
2018-12-01,108,151
2018-12-01,109,329
2018-12-01,110,228
2018-12-01,111,74
2018-12-01,112,165
2018-12-01,113,511
2018-12-01,114,304
2018-12-01,115,289
2018-12-01,120,277
2018-12-01,121,204
2018-12-01,122,148
2018-12-01,123,113
2019-01-01,1,242
2019-01-01,5,323
2019-01-01,6,184
2019-01-01,7,233
2019-01-01,9,172
2019-01-01,10,194
2019-01-01,13,306
2019-01-01,14,632
2019-01-01,17,126
2019-01-01,18,284
2019-01-01,19,201
2019-01-01,20,111
2019-01-01,22,6
2019-01-01,23,240
2019-01-01,24,140
2019-01-01,25,465
2019-01-01,26,107
2019-01-01,28,176
2019-01-01,30,147
2019-01-01,32,245
2019-01-01,33,216
2019-01-01,34,257
2019-01-01,40,678
2019-01-01,41,313
2019-01-01,42,370
2019-01-01,43,401
2019-01-01,44,637
2019-01-01,45,190
2019-01-01,46,479
2019-01-01,47,457
2019-01-01,48,312
2019-01-01,49,293
2019-01-01,50,131
2019-01-01,52,443
2019-01-01,60,302
2019-01-01,61,178
2019-01-01,62,169
2019-01-01,63,180
2019-01-01,66,109
2019-01-01,67,412
2019-01-01,68,191
2019-01-01,69,140
2019-01-01,70,300
2019-01-01,71,270
2019-01-01,72,266
2019-01-01,73,462
2019-01-01,75,485
2019-01-01,76,168
2019-01-01,77,283
2019-01-01,78,138
2019-01-01,79,252
2019-01-01,81,198
2019-01-01,83,279
2019-01-01,84,304
2019-01-01,88,118
2019-01-01,90,200
2019-01-01,94,93
2019-01-01,100,133
2019-01-01,101,197
2019-01-01,102,255
2019-01-01,103,363
2019-01-01,104,213
2019-01-01,105,252
2019-01-01,106,176
2019-01-01,107,132
2019-01-01,108,157
2019-01-01,109,340
2019-01-01,110,269
2019-01-01,111,69
2019-01-01,112,162
2019-01-01,113,554
2019-01-01,114,367
2019-01-01,115,344
2019-01-01,120,413
2019-01-01,121,234
2019-01-01,122,154
2019-01-01,123,99
2019-02-01,1,167
2019-02-01,5,363
2019-02-01,6,121
2019-02-01,7,175
2019-02-01,9,124
2019-02-01,10,114
2019-02-01,13,247
2019-02-01,14,567
2019-02-01,17,109
2019-02-01,18,237
2019-02-01,19,208
2019-02-01,20,131
2019-02-01,22,7
2019-02-01,23,208
2019-02-01,24,106
2019-02-01,25,413
2019-02-01,26,132
2019-02-01,28,195
2019-02-01,30,121
2019-02-01,32,215
2019-02-01,33,201
2019-02-01,34,224
2019-02-01,40,572
2019-02-01,41,265
2019-02-01,42,336
2019-02-01,43,355
2019-02-01,44,576
2019-02-01,45,191
2019-02-01,46,413
2019-02-01,47,402
2019-02-01,48,311
2019-02-01,49,230
2019-02-01,50,84
2019-02-01,52,453
2019-02-01,60,231
2019-02-01,61,140
2019-02-01,62,166
2019-02-01,63,151
2019-02-01,66,70
2019-02-01,67,386
2019-02-01,68,190
2019-02-01,69,126
2019-02-01,70,274
2019-02-01,71,192
2019-02-01,72,251
2019-02-01,73,384
2019-02-01,75,490
2019-02-01,76,160
2019-02-01,77,223
2019-02-01,78,119
2019-02-01,79,213
2019-02-01,81,155
2019-02-01,83,261
2019-02-01,84,239
2019-02-01,88,88
2019-02-01,90,208
2019-02-01,94,82
2019-02-01,100,96
2019-02-01,101,153
2019-02-01,102,163
2019-02-01,103,353
2019-02-01,104,168
2019-02-01,105,217
2019-02-01,106,188
2019-02-01,107,166
2019-02-01,108,158
2019-02-01,109,300
2019-02-01,110,242
2019-02-01,111,75
2019-02-01,112,136
2019-02-01,113,472
2019-02-01,114,265
2019-02-01,115,377
2019-02-01,120,351
2019-02-01,121,197
2019-02-01,122,155
2019-02-01,123,88
2019-03-01,1,205
2019-03-01,5,294
2019-03-01,6,132
2019-03-01,7,212
2019-03-01,9,177
2019-03-01,10,151
2019-03-01,13,258
2019-03-01,14,520
2019-03-01,17,118
2019-03-01,18,259
2019-03-01,19,187
2019-03-01,20,136
2019-03-01,22,4
2019-03-01,23,288
2019-03-01,24,119
2019-03-01,25,449
2019-03-01,26,137
2019-03-01,28,176
2019-03-01,30,129
2019-03-01,32,273
2019-03-01,33,161
2019-03-01,34,213
2019-03-01,40,597
2019-03-01,41,311
2019-03-01,42,341
2019-03-01,43,344
2019-03-01,44,662
2019-03-01,45,197
2019-03-01,46,477
2019-03-01,47,415
2019-03-01,48,325
2019-03-01,49,272
2019-03-01,50,136
2019-03-01,52,441
2019-03-01,60,262
2019-03-01,61,185
2019-03-01,62,169
2019-03-01,63,154
2019-03-01,66,147
2019-03-01,67,392
2019-03-01,68,240
2019-03-01,69,128
2019-03-01,70,276
2019-03-01,71,227
2019-03-01,72,298
2019-03-01,73,376
2019-03-01,75,523
2019-03-01,76,173
2019-03-01,77,267
2019-03-01,78,126
2019-03-01,79,288
2019-03-01,81,195
2019-03-01,83,260
2019-03-01,84,388
2019-03-01,88,129
2019-03-01,90,225
2019-03-01,94,85
2019-03-01,100,137
2019-03-01,101,189
2019-03-01,102,234
2019-03-01,103,383
2019-03-01,104,159
2019-03-01,105,257
2019-03-01,106,213
2019-03-01,107,190
2019-03-01,108,170
2019-03-01,109,296
2019-03-01,110,313
2019-03-01,111,83
2019-03-01,112,174
2019-03-01,113,631
2019-03-01,114,386
2019-03-01,115,373
2019-03-01,120,363
2019-03-01,121,204
2019-03-01,122,189
2019-03-01,123,99
2019-04-01,1,279
2019-04-01,5,390
2019-04-01,6,169
2019-04-01,7,199
2019-04-01,9,186
2019-04-01,10,174
2019-04-01,13,245
2019-04-01,14,576
2019-04-01,17,129
2019-04-01,18,258
2019-04-01,19,185
2019-04-01,20,130
2019-04-01,22,11
2019-04-01,23,250
2019-04-01,24,156
2019-04-01,25,454
2019-04-01,26,197
2019-04-01,28,216
2019-04-01,30,105
2019-04-01,32,302
2019-04-01,33,202
2019-04-01,34,187
2019-04-01,40,651
2019-04-01,41,301
2019-04-01,42,293
2019-04-01,43,341
2019-04-01,44,543
2019-04-01,45,177
2019-04-01,46,417
2019-04-01,47,426
2019-04-01,48,298
2019-04-01,49,268
2019-04-01,50,96
2019-04-01,52,431
2019-04-01,60,257
2019-04-01,61,172
2019-04-01,62,165
2019-04-01,63,204
2019-04-01,66,110
2019-04-01,67,333
2019-04-01,68,204
2019-04-01,69,127
2019-04-01,70,278
2019-04-01,71,257
2019-04-01,72,288
2019-04-01,73,381
2019-04-01,75,477
2019-04-01,76,159
2019-04-01,77,260
2019-04-01,78,95
2019-04-01,79,279
2019-04-01,81,159
2019-04-01,83,252
2019-04-01,84,284
2019-04-01,88,96
2019-04-01,90,199
2019-04-01,94,111
2019-04-01,100,121
2019-04-01,101,186
2019-04-01,102,251
2019-04-01,103,339
2019-04-01,104,177
2019-04-01,105,269
2019-04-01,106,235
2019-04-01,107,176
2019-04-01,108,190
2019-04-01,109,312
2019-04-01,110,306
2019-04-01,111,98
2019-04-01,112,167
2019-04-01,113,573
2019-04-01,114,329
2019-04-01,115,308
2019-04-01,120,348
2019-04-01,121,193
2019-04-01,122,156
2019-04-01,123,74
2019-05-01,1,175
2019-05-01,5,341
2019-05-01,6,177
2019-05-01,7,186
2019-05-01,9,196
2019-05-01,10,134
2019-05-01,13,292
2019-05-01,14,507
2019-05-01,17,101
2019-05-01,18,289
2019-05-01,19,224
2019-05-01,20,139
2019-05-01,22,11
2019-05-01,23,267
2019-05-01,24,99
2019-05-01,25,458
2019-05-01,26,170
2019-05-01,28,213
2019-05-01,30,148
2019-05-01,32,265
2019-05-01,33,190
2019-05-01,34,220
2019-05-01,40,610
2019-05-01,41,272
2019-05-01,42,294
2019-05-01,43,364
2019-05-01,44,661
2019-05-01,45,190
2019-05-01,46,419
2019-05-01,47,412
2019-05-01,48,314
2019-05-01,49,277
2019-05-01,50,140
2019-05-01,52,446
2019-05-01,60,308
2019-05-01,61,174
2019-05-01,62,174
2019-05-01,63,173
2019-05-01,66,129
2019-05-01,67,399
2019-05-01,68,173
2019-05-01,69,157
2019-05-01,70,283
2019-05-01,71,238
2019-05-01,72,285
2019-05-01,73,417
2019-05-01,75,543
2019-05-01,76,153
2019-05-01,77,276
2019-05-01,78,118
2019-05-01,79,306
2019-05-01,81,169
2019-05-01,83,242
2019-05-01,84,238
2019-05-01,88,99
2019-05-01,90,228
2019-05-01,94,108
2019-05-01,100,134
2019-05-01,101,202
2019-05-01,102,285
2019-05-01,103,368
2019-05-01,104,183
2019-05-01,105,263
2019-05-01,106,253
2019-05-01,107,186
2019-05-01,108,159
2019-05-01,109,358
2019-05-01,110,290
2019-05-01,111,75
2019-05-01,112,157
2019-05-01,113,546
2019-05-01,114,355
2019-05-01,115,357
2019-05-01,120,306
2019-05-01,121,222
2019-05-01,122,179
2019-05-01,123,84
2019-06-01,1,223
2019-06-01,5,342
2019-06-01,6,185
2019-06-01,7,138
2019-06-01,9,163
2019-06-01,10,144
2019-06-01,13,234
2019-06-01,14,513
2019-06-01,17,104
2019-06-01,18,254
2019-06-01,19,222
2019-06-01,20,130
2019-06-01,22,7
2019-06-01,23,232
2019-06-01,24,99
2019-06-01,25,339
2019-06-01,26,112
2019-06-01,28,177
2019-06-01,30,133
2019-06-01,32,223
2019-06-01,33,210
2019-06-01,34,213
2019-06-01,40,539
2019-06-01,41,235
2019-06-01,42,323
2019-06-01,43,332
2019-06-01,44,517
2019-06-01,45,193
2019-06-01,46,359
2019-06-01,47,348
2019-06-01,48,261
2019-06-01,49,199
2019-06-01,50,127
2019-06-01,52,381
2019-06-01,60,335
2019-06-01,61,164
2019-06-01,62,133
2019-06-01,63,123
2019-06-01,66,87
2019-06-01,67,300
2019-06-01,68,147
2019-06-01,69,131
2019-06-01,70,213
2019-06-01,71,202
2019-06-01,72,277
2019-06-01,73,314
2019-06-01,75,532
2019-06-01,76,151
2019-06-01,77,261
2019-06-01,78,129
2019-06-01,79,302
2019-06-01,81,135
2019-06-01,83,206
2019-06-01,84,235
2019-06-01,88,117
2019-06-01,90,210
2019-06-01,94,77
2019-06-01,100,118
2019-06-01,101,166
2019-06-01,102,232
2019-06-01,103,361
2019-06-01,104,195
2019-06-01,105,217
2019-06-01,106,198
2019-06-01,107,173
2019-06-01,108,154
2019-06-01,109,288
2019-06-01,110,279
2019-06-01,111,94
2019-06-01,112,144
2019-06-01,113,438
2019-06-01,114,318
2019-06-01,115,308
2019-06-01,120,305
2019-06-01,121,180
2019-06-01,122,168
2019-06-01,123,116
2019-07-01,1,212
2019-07-01,5,357
2019-07-01,6,223
2019-07-01,7,185
2019-07-01,9,158
2019-07-01,10,147
2019-07-01,13,222
2019-07-01,14,504
2019-07-01,17,122
2019-07-01,18,259
2019-07-01,19,215
2019-07-01,20,118
2019-07-01,22,15
2019-07-01,23,248
2019-07-01,24,144
2019-07-01,25,414
2019-07-01,26,169
2019-07-01,28,191
2019-07-01,30,152
2019-07-01,32,275
2019-07-01,33,203
2019-07-01,34,254
2019-07-01,40,663
2019-07-01,41,257
2019-07-01,42,388
2019-07-01,43,377
2019-07-01,44,588
2019-07-01,45,231
2019-07-01,46,429
2019-07-01,47,396
2019-07-01,48,341
2019-07-01,49,240
2019-07-01,50,126
2019-07-01,52,457
2019-07-01,60,361
2019-07-01,61,199
2019-07-01,62,133
2019-07-01,63,195
2019-07-01,66,92
2019-07-01,67,376
2019-07-01,68,178
2019-07-01,69,132
2019-07-01,70,273
2019-07-01,71,222
2019-07-01,72,270
2019-07-01,73,394
2019-07-01,75,554
2019-07-01,76,163
2019-07-01,77,270
2019-07-01,78,115
2019-07-01,79,262
2019-07-01,81,176
2019-07-01,83,207
2019-07-01,84,280
2019-07-01,88,100
2019-07-01,90,226
2019-07-01,94,92
2019-07-01,100,140
2019-07-01,101,230
2019-07-01,102,274
2019-07-01,103,412
2019-07-01,104,218
2019-07-01,105,245
2019-07-01,106,215
2019-07-01,107,190
2019-07-01,108,151
2019-07-01,109,307
2019-07-01,110,300
2019-07-01,111,81
2019-07-01,112,126
2019-07-01,113,571
2019-07-01,114,307
2019-07-01,115,403
2019-07-01,120,353
2019-07-01,121,246
2019-07-01,122,181
2019-07-01,123,77
2019-08-01,1,215
2019-08-01,5,318
2019-08-01,6,222
2019-08-01,7,198
2019-08-01,9,173
2019-08-01,10,240
2019-08-01,13,227
2019-08-01,14,460
2019-08-01,17,137
2019-08-01,18,261
2019-08-01,19,199
2019-08-01,20,110
2019-08-01,22,5
2019-08-01,23,245
2019-08-01,24,112
2019-08-01,25,403
2019-08-01,26,113
2019-08-01,28,157
2019-08-01,30,124
2019-08-01,32,235
2019-08-01,33,189
2019-08-01,34,217
2019-08-01,40,620
2019-08-01,41,261
2019-08-01,42,309
2019-08-01,43,331
2019-08-01,44,468
2019-08-01,45,192
2019-08-01,46,389
2019-08-01,47,441
2019-08-01,48,327
2019-08-01,49,231
2019-08-01,50,103
2019-08-01,52,455
2019-08-01,60,269
2019-08-01,61,160
2019-08-01,62,145
2019-08-01,63,141
2019-08-01,66,109
2019-08-01,67,335
2019-08-01,68,135
2019-08-01,69,148
2019-08-01,70,215
2019-08-01,71,234
2019-08-01,72,350
2019-08-01,73,404
2019-08-01,75,544
2019-08-01,76,131
2019-08-01,77,220
2019-08-01,78,123
2019-08-01,79,268
2019-08-01,81,168
2019-08-01,83,217
2019-08-01,84,212
2019-08-01,88,125
2019-08-01,90,225
2019-08-01,94,69
2019-08-01,100,133
2019-08-01,101,192
2019-08-01,102,240
2019-08-01,103,320
2019-08-01,104,218
2019-08-01,105,239
2019-08-01,106,196
2019-08-01,107,170
2019-08-01,108,168
2019-08-01,109,284
2019-08-01,110,273
2019-08-01,111,81
2019-08-01,112,90
2019-08-01,113,472
2019-08-01,114,289
2019-08-01,115,380
2019-08-01,120,263
2019-08-01,121,225
2019-08-01,122,152
2019-08-01,123,64
2019-09-01,1,262
2019-09-01,5,329
2019-09-01,6,233
2019-09-01,7,149
2019-09-01,9,158
2019-09-01,10,154
2019-09-01,13,213
2019-09-01,14,403
2019-09-01,17,77
2019-09-01,18,302
2019-09-01,19,201
2019-09-01,20,116
2019-09-01,22,12
2019-09-01,23,198
2019-09-01,24,106
2019-09-01,25,372
2019-09-01,26,121
2019-09-01,28,163
2019-09-01,30,108
2019-09-01,32,245
2019-09-01,33,153
2019-09-01,34,162
2019-09-01,40,555
2019-09-01,41,272
2019-09-01,42,259
2019-09-01,43,307
2019-09-01,44,442
2019-09-01,45,185
2019-09-01,46,348
2019-09-01,47,377
2019-09-01,48,298
2019-09-01,49,230
2019-09-01,50,100
2019-09-01,52,450
2019-09-01,60,226
2019-09-01,61,176
2019-09-01,62,115
2019-09-01,63,103
2019-09-01,66,122
2019-09-01,67,333
2019-09-01,68,177
2019-09-01,69,118
2019-09-01,70,232
2019-09-01,71,165
2019-09-01,72,218
2019-09-01,73,318
2019-09-01,75,530
2019-09-01,76,125
2019-09-01,77,219
2019-09-01,78,94
2019-09-01,79,240
2019-09-01,81,154
2019-09-01,83,235
2019-09-01,84,235
2019-09-01,88,99
2019-09-01,90,187
2019-09-01,94,77
2019-09-01,100,105
2019-09-01,101,161
2019-09-01,102,231
2019-09-01,103,286
2019-09-01,104,174
2019-09-01,105,179
2019-09-01,106,175
2019-09-01,107,169
2019-09-01,108,128
2019-09-01,109,282
2019-09-01,110,248
2019-09-01,111,86
2019-09-01,112,119
2019-09-01,113,476
2019-09-01,114,239
2019-09-01,115,321
2019-09-01,120,261
2019-09-01,121,227
2019-09-01,122,141
2019-09-01,123,90
2019-10-01,1,304
2019-10-01,5,356
2019-10-01,6,229
2019-10-01,7,137
2019-10-01,9,149
2019-10-01,10,161
2019-10-01,13,198
2019-10-01,14,558
2019-10-01,17,115
2019-10-01,18,200
2019-10-01,19,274
2019-10-01,20,143
2019-10-01,22,6
2019-10-01,23,242
2019-10-01,24,113
2019-10-01,25,379
2019-10-01,26,145
2019-10-01,28,164
2019-10-01,30,123
2019-10-01,32,249
2019-10-01,33,182
2019-10-01,34,186
2019-10-01,40,595
2019-10-01,41,240
2019-10-01,42,281
2019-10-01,43,302
2019-10-01,44,563
2019-10-01,45,182
2019-10-01,46,373
2019-10-01,47,341
2019-10-01,48,287
2019-10-01,49,210
2019-10-01,50,99
2019-10-01,52,403
2019-10-01,60,213
2019-10-01,61,176
2019-10-01,62,188
2019-10-01,63,119
2019-10-01,66,90
2019-10-01,67,282
2019-10-01,68,163
2019-10-01,69,111
2019-10-01,70,232
2019-10-01,71,188
2019-10-01,72,234
2019-10-01,73,371
2019-10-01,75,520
2019-10-01,76,139
2019-10-01,77,269
2019-10-01,78,96
2019-10-01,79,276
2019-10-01,81,153
2019-10-01,83,231
2019-10-01,84,241
2019-10-01,88,98
2019-10-01,90,243
2019-10-01,94,73
2019-10-01,100,92
2019-10-01,101,156
2019-10-01,102,252
2019-10-01,103,308
2019-10-01,104,209
2019-10-01,105,201
2019-10-01,106,206
2019-10-01,107,171
2019-10-01,108,120
2019-10-01,109,264
2019-10-01,110,295
2019-10-01,111,59
2019-10-01,112,177
2019-10-01,113,467
2019-10-01,114,298
2019-10-01,115,334
2019-10-01,120,273
2019-10-01,121,195
2019-10-01,122,140
2019-10-01,123,57
2019-11-01,1,175
2019-11-01,5,344
2019-11-01,6,181
2019-11-01,7,149
2019-11-01,9,139
2019-11-01,10,135
2019-11-01,13,169
2019-11-01,14,399
2019-11-01,17,111
2019-11-01,18,227
2019-11-01,19,207
2019-11-01,20,81
2019-11-01,22,3
2019-11-01,23,203
2019-11-01,24,110
2019-11-01,25,304
2019-11-01,26,91
2019-11-01,28,150
2019-11-01,30,142
2019-11-01,32,235
2019-11-01,33,177
2019-11-01,34,164
2019-11-01,40,531
2019-11-01,41,239
2019-11-01,42,301
2019-11-01,43,301
2019-11-01,44,451
2019-11-01,45,156
2019-11-01,46,347
2019-11-01,47,291
2019-11-01,48,266
2019-11-01,49,183
2019-11-01,50,122
2019-11-01,52,418
2019-11-01,60,208
2019-11-01,61,164
2019-11-01,62,121
2019-11-01,63,108
2019-11-01,66,96
2019-11-01,67,272
2019-11-01,68,143
2019-11-01,69,96
2019-11-01,70,236
2019-11-01,71,187
2019-11-01,72,221
2019-11-01,73,342
2019-11-01,75,468
2019-11-01,76,87
2019-11-01,77,221
2019-11-01,78,95
2019-11-01,79,208
2019-11-01,81,122
2019-11-01,83,181
2019-11-01,84,207
2019-11-01,88,116
2019-11-01,90,187
2019-11-01,94,63
2019-11-01,100,79
2019-11-01,101,135
2019-11-01,102,243
2019-11-01,103,287
2019-11-01,104,159
2019-11-01,105,199
2019-11-01,106,187
2019-11-01,107,128
2019-11-01,108,120
2019-11-01,109,226
2019-11-01,110,260
2019-11-01,111,84
2019-11-01,112,128
2019-11-01,113,471
2019-11-01,114,225
2019-11-01,115,330
2019-11-01,120,231
2019-11-01,121,210
2019-11-01,122,124
2019-11-01,123,69
2019-12-01,1,228
2019-12-01,5,309
2019-12-01,6,155
2019-12-01,7,127
2019-12-01,9,108
2019-12-01,10,142
2019-12-01,13,193
2019-12-01,14,412
2019-12-01,17,62
2019-12-01,18,278
2019-12-01,19,145
2019-12-01,20,94
2019-12-01,22,1
2019-12-01,23,199
2019-12-01,24,103
2019-12-01,25,243
2019-12-01,26,111
2019-12-01,28,131
2019-12-01,30,84
2019-12-01,32,217
2019-12-01,33,125
2019-12-01,34,138
2019-12-01,40,487
2019-12-01,41,189
2019-12-01,42,208
2019-12-01,43,252
2019-12-01,44,357
2019-12-01,45,151
2019-12-01,46,274
2019-12-01,47,260
2019-12-01,48,211
2019-12-01,49,166
2019-12-01,50,116
2019-12-01,52,353
2019-12-01,60,222
2019-12-01,61,144
2019-12-01,62,123
2019-12-01,63,121
2019-12-01,66,91
2019-12-01,67,218
2019-12-01,68,119
2019-12-01,69,111
2019-12-01,70,208
2019-12-01,71,192
2019-12-01,72,193
2019-12-01,73,246
2019-12-01,75,358
2019-12-01,76,73
2019-12-01,77,209
2019-12-01,78,72
2019-12-01,79,167
2019-12-01,81,109
2019-12-01,83,172
2019-12-01,84,186
2019-12-01,88,98
2019-12-01,90,115
2019-12-01,94,43
2019-12-01,100,70
2019-12-01,101,167
2019-12-01,102,154
2019-12-01,103,270
2019-12-01,104,165
2019-12-01,105,172
2019-12-01,106,177
2019-12-01,107,157
2019-12-01,108,109
2019-12-01,109,239
2019-12-01,110,208
2019-12-01,111,60
2019-12-01,112,73
2019-12-01,113,365
2019-12-01,114,188
2019-12-01,115,268
2019-12-01,120,237
2019-12-01,121,187
2019-12-01,122,94
2019-12-01,123,58
